port,espece,annee,mois,volume_kg,prix_unitaire_dh
HALLE JORF AL ASFAR,ALGUES,2024,1,698279.0,3.0
HALLE TANTAN,POISSON PELAGIQUE,2024,1,695445.0,10.690020059098849
MG RABAT,POISSON PELAGIQUE,2024,1,51496.0,3.5214599192170266
HALLE TAGHAZOUT,CEPHALOPODES,2024,1,17065.5,77.33822624593478
HALLE LACRAA(CAP 7),COQUILLAGES,2024,1,7040.0,7.0
MG CASABLANCA,CRUSTACES,2024,1,125416.0,11.315593704152581
HALLE CASABLANCA,POISSON PELAGIQUE,2024,1,1083442.0,4.628680999998154
HALLE AGADIR,CRUSTACES,2024,1,75996.9,43.07564519079068
HALLE LAAYOUNE,POISSON PELAGIQUE,2024,1,1685648.2000000002,10.471085206272578
HALLE BOUJDOUR,POISSON BLANC,2024,1,435421.0,22.649589707432575
HALLE LARACHE,POISSON BLANC,2024,1,65952.8,55.407430617047346
HALLE JEBHA,CEPHALOPODES,2024,1,48533.5,66.61295805989678
HALLE SIDIIFNI,POISSON PELAGIQUE,2024,1,13543.0,13.30436609318467
MG TANGER,POISSON PELAGIQUE,2024,1,780162.0,4.172697978112238
HALLE LABOUIRDA,POISSON PELAGIQUE,2024,1,153.5,11.736156351791532
MG BENIMELLAL,CEPHALOPODES,2024,1,48.0,7.0
MG INZEGANE,CEPHALOPODES,2024,1,138.0,14.492753623188404
HALLE M'DIQ,CEPHALOPODES,2024,1,113591.0,67.35979082849875
HALLE ESSAOUIRA,CEPHALOPODES,2024,1,212684.5,75.46357162839793
HALLE GREZIME,CEPHALOPODES,2024,1,349.5,63.776824034334766
HALLE MEHDIA,POISSON PELAGIQUE,2024,1,1023645.0,6.683410752751198
HALLE SALE,CEPHALOPODES,2024,1,48573.0,81.96280855619378
HALLE NADOR,CRUSTACES,2024,1,41504.5,47.539905311472246
CAPI ESSAOUIRA,POISSON PELAGIQUE,2024,1,1457750.0,4.095996570056594
MG TAZA,POISSON BLANC,2024,1,8936.0,9.730304386750225
HALLE IMIOUADDAR,POISSON PELAGIQUE,2024,1,97.0,16.10824742268041
HALLE EL JADIDA,POISSON PELAGIQUE,2024,1,1073693.0,6.02871739873502
MG OUJDA,POISSON BLANC,2024,1,75460.0,6.061091969255235
HALLE SAFI,POISSON BLANC,2024,1,118335.9,44.51890575894551
HALLE AMTAR,CEPHALOPODES,2024,1,13487.0,85.9292993252762
MG MARRAKECH,POISSON BLANC,2024,1,235340.0,7.740673068751594
HALLE TARFAYA,CEPHALOPODES,2024,1,453789.60000000003,70.04230154238881
MG MEKNES,CEPHALOPODES,2024,1,390.0,22.948717948717945
HALLE TIFNIT,POISSON BLANC,2024,1,119.5,68.09623430962343
HALLE IMOUTLAN,CEPHALOPODES,2024,1,406515.0,89.22147768225035
HALLE INOUARN,CEPHALOPODES,2024,1,5869.5,71.36544850498339
HALLE TANGER,POISSON PELAGIQUE,2024,1,101882.0,9.766690877682024
HALLE LASSARGA,POISSON BLANC,2024,1,137961.0,5.217931154456694
HALLE SOUIRIA KDIMA,POISSON PELAGIQUE,2024,1,937.5,11.970666666666666
HALLE OUED LAOU,CEPHALOPODES,2024,1,31682.0,82.62432927214192
HALLE RAS KABDANA,CEPHALOPODES,2024,1,56858.5,78.03096282877671
MG TETOUAN,POISSON PELAGIQUE,2024,1,518995.0,4.14517748725903
HALLE LAHDIDA,CEPHALOPODES,2024,1,1483.0,70.0
HALLE SIDIELGHAZI,CEPHALOPODES,2024,1,222776.0,65.02154181779007
HALLE CALAIRIS,CEPHALOPODES,2024,1,46835.0,61.027842425536456
HALLE AL HOCEIMA,POISSON PELAGIQUE,2024,1,45911.0,56.903944588442855
HALLE DALIA,POISSON BLANC,2024,1,182.0,47.36263736263736
HALLE IMESSOUANE,POISSON BLANC,2024,1,5651.0,41.20934347903026
HALLE TAROUMA,CEPHALOPODES,2024,1,129600.0,69.24922839506173
HALLE TAFEDNA,CEPHALOPODES,2024,1,48809.5,82.61941835093579
HALLE ASSILAH,POISSON BLANC,2024,1,26.0,35.0
CAPI SAFI,POISSON PELAGIQUE,2024,1,1714382.0,3.102709664473845
HALLE BHIBEH,CEPHALOPODES,2024,1,33302.5,65.37162375197057
HALLE RKOUNT,CEPHALOPODES,2024,1,282.5,58.93805309734513
HALLE KSARSGHIR,POISSON BLANC,2024,1,425.0,46.8235294117647
HALLE AMEGRIOU,ALGUES,2024,1,130828.0,3.0
HALLE SIDIHSAINE,CEPHALOPODES,2024,1,29780.0,73.34687709872398
HALLE JORF AL ASFAR,ALGUES,2024,2,780650.0,3.0
CAPI AGADIR,POISSON PELAGIQUE,2024,2,795494.0,3.2148298038702996
HALLE TANTAN,POISSON PELAGIQUE,2024,2,889819.0,9.519902249783383
MG RABAT,POISSON PELAGIQUE,2024,2,53057.0,3.6214486307179072
HALLE TAGHAZOUT,CEPHALOPODES,2024,2,7718.0,78.74345685410728
HALLE LACRAA(CAP 7),COQUILLAGES,2024,2,3980.0,7.0
MG CASABLANCA,CRUSTACES,2024,2,113962.0,11.22785138905951
HALLE CASABLANCA,POISSON PELAGIQUE,2024,2,986308.0,4.387253180548065
HALLE AGADIR,CRUSTACES,2024,2,32439.0,48.48722525355282
HALLE LAAYOUNE,POISSON PELAGIQUE,2024,2,1704007.2,9.226379336894821
HALLE BOUJDOUR,POISSON BLANC,2024,2,418253.0,22.64544904639058
HALLE LARACHE,POISSON BLANC,2024,2,57850.15,59.44493938217965
HALLE JEBHA,CEPHALOPODES,2024,2,28952.5,45.39715050513773
HALLE SIDIIFNI,POISSON PELAGIQUE,2024,2,13176.0,19.07374468731026
MG TANGER,POISSON PELAGIQUE,2024,2,861293.0,4.129882049430333
HALLE LABOUIRDA,POISSON PELAGIQUE,2024,2,3346.0,13.054991034070532
HALLE FNIDEQ,POISSON BLANC,2024,2,152.0,67.26973684210526
CAPI BOUJDOUR,POISSON PELAGIQUE,2024,2,825451.0,2.9819368805658963
MG INZEGANE,CEPHALOPODES,2024,2,80.0,13.75
CAPI TARFAYA,POISSON PELAGIQUE,2024,2,69537.0,3.0270000143808327
HALLE M'DIQ,CEPHALOPODES,2024,2,49809.0,64.50718745608224
HALLE ESSAOUIRA,CEPHALOPODES,2024,2,122413.5,80.67035906987383
HALLE NTIREFT,POISSON BLANC,2024,2,62163.25,3.732205121192988
HALLE GREZIME,CEPHALOPODES,2024,2,651.0,64.30875576036867
HALLE MEHDIA,POISSON PELAGIQUE,2024,2,694225.0,5.056177752169686
HALLE SALE,CEPHALOPODES,2024,2,19022.0,92.9935600883188
CAPI DAKHLA,POISSON PELAGIQUE,2024,2,2864089.0,1.846151373089314
HALLE DAKHLA,CRUSTACES,2024,2,600.0,25.0
HALLE NADOR,CRUSTACES,2024,2,28124.0,54.040677001848955
CAPI ESSAOUIRA,POISSON PELAGIQUE,2024,2,558121.0,3.7434570639699998
MG TAZA,POISSON BLANC,2024,2,10984.0,9.635378732702112
HALLE IMIOUADDAR,POISSON PELAGIQUE,2024,2,601.5,9.478802992518704
HALLE EL JADIDA,POISSON PELAGIQUE,2024,2,415663.0,4.195454009618369
MG OUJDA,POISSON BLANC,2024,2,97994.0,5.841980121231913
CAPI SIDIIFNI,POISSON PELAGIQUE,2024,2,10882740.0,3.094446490497798
HALLE SAFI,POISSON BLANC,2024,2,80543.09999999999,47.12059928162686
HALLE AMTAR,CEPHALOPODES,2024,2,976.0,78.31813524590164
MG MARRAKECH,POISSON BLANC,2024,2,248975.0,7.8266131137664425
HALLE TARFAYA,CEPHALOPODES,2024,2,263389.7,78.97282243762758
MG MEKNES,CEPHALOPODES,2024,2,286.0,22.202797202797203
HALLE TIFNIT,POISSON BLANC,2024,2,206.0,55.63106796116506
HALLE CHMAALA,POISSON BLANC,2024,2,169.0,53.698224852071
HALLE IMOUTLAN,CEPHALOPODES,2024,2,88243.0,102.26770962002652
HALLE INOUARN,CEPHALOPODES,2024,2,1815.5,70.46378408152025
HALLE TANGER,POISSON PELAGIQUE,2024,2,353571.0,8.321100995273932
HALLE LASSARGA,POISSON BLANC,2024,2,473572.0,4.359346625222775
HALLE SOUIRIA KDIMA,POISSON PELAGIQUE,2024,2,1025.0,6.311541463414635
HALLE OUED LAOU,CEPHALOPODES,2024,2,4595.5,84.03797192906103
HALLE AGLOU,POISSON BLANC,2024,2,67.0,74.02985074626865
HALLE MOHAMMEDIA,CRUSTACES,2024,2,49.5,289.6969696969697
HALLE RAS KABDANA,CEPHALOPODES,2024,2,14408.5,92.66089461082
MG TETOUAN,POISSON PELAGIQUE,2024,2,591215.0,4.224422096868313
HALLE MY BOUSSELHAM,POISSON BLANC,2024,2,9.0,41.0
HALLE LAHDIDA,CEPHALOPODES,2024,2,9671.0,72.79950367076827
HALLE SIDIELGHAZI,CEPHALOPODES,2024,2,84237.5,69.50834841964684
HALLE CALAIRIS,CEPHALOPODES,2024,2,18886.5,61.451009980674016
CAPI TANTAN,POISSON PELAGIQUE,2024,2,109273.0,2.8455378730335945
HALLE AL HOCEIMA,POISSON PELAGIQUE,2024,2,29571.5,53.46766312158666
HALLE DALIA,POISSON BLANC,2024,2,79.0,56.20253164556962
CAPI LAAYOUNE,POISSON PELAGIQUE,2024,2,15113330.0,5.97880103127504
HALLE IMESSOUANE,POISSON BLANC,2024,2,9787.5,39.59457573435505
HALLE TAROUMA,CEPHALOPODES,2024,2,64800.0,69.43364197530865
HALLE TAFEDNA,CEPHALOPODES,2024,2,22731.5,86.93014099377515
HALLE ASSILAH,POISSON BLANC,2024,2,40.0,37.5
CAPI SAFI,POISSON PELAGIQUE,2024,2,2117432.0,2.7921483192848697
HALLE BHIBEH,CEPHALOPODES,2024,2,34223.0,71.11337404669375
HALLE RKOUNT,CEPHALOPODES,2024,2,3493.5,74.06182624874766
HALLE KSARSGHIR,POISSON BLANC,2024,2,168.0,119.04761904761904
HALLE SIDIHSAINE,CEPHALOPODES,2024,2,20865.5,83.3597086099063
CAPI AGADIR,POISSON PELAGIQUE,2024,3,637387.0,4.00955669004859
HALLE LAKRAA,POISSON PELAGIQUE,2024,3,57.5,8.695652173913043
HALLE TANTAN,POISSON PELAGIQUE,2024,3,519352.99999999994,11.453056206472285
MG RABAT,POISSON PELAGIQUE,2024,3,67223.0,3.684966454933579
HALLE TAGHAZOUT,CEPHALOPODES,2024,3,4541.0,99.16130808192027
HALLE LACRAA(CAP 7),COQUILLAGES,2024,3,3221.0,7.0
MG CASABLANCA,CRUSTACES,2024,3,148516.0,11.685377333081957
HALLE CASABLANCA,POISSON PELAGIQUE,2024,3,1177782.8,4.9061771066787525
HALLE AGADIR,CRUSTACES,2024,3,68750.9,50.75636100763772
HALLE LAAYOUNE,POISSON PELAGIQUE,2024,3,1006340.4,10.533012487623472
HALLE BOUJDOUR,POISSON BLANC,2024,3,530379.0,22.862074101727256
HALLE LARACHE,POISSON BLANC,2024,3,72567.3,70.7999582456561
HALLE JEBHA,CEPHALOPODES,2024,3,20557.5,49.174753739511125
HALLE SIDIIFNI,POISSON PELAGIQUE,2024,3,3072.0,30.93556966145833
MG TANGER,POISSON PELAGIQUE,2024,3,889103.0,4.124181675238977
HALLE LABOUIRDA,POISSON PELAGIQUE,2024,3,4058.0,9.775628388368654
MG BENIMELLAL,CEPHALOPODES,2024,3,64.0,7.0
HALLE FNIDEQ,POISSON BLANC,2024,3,215.5,59.11832946635731
CAPI BOUJDOUR,POISSON PELAGIQUE,2024,3,1679445.0,2.982
MG INZEGANE,CEPHALOPODES,2024,3,752.0,23.670212765957448
CAPI TARFAYA,POISSON PELAGIQUE,2024,3,42211.0,9.530075098907869
HALLE M'DIQ,CEPHALOPODES,2024,3,48538.0,67.77104536651696
HALLE ESSAOUIRA,CEPHALOPODES,2024,3,61035.0,77.97496518391088
HALLE NTIREFT,POISSON BLANC,2024,3,208067.5,4.261999110865465
HALLE MEHDIA,POISSON PELAGIQUE,2024,3,807805.0,8.823886952915617
HALLE SALE,CEPHALOPODES,2024,3,5072.5,94.82168555938887
CAPI DAKHLA,POISSON PELAGIQUE,2024,3,48365997.0,2.259722514352387
HALLE DAKHLA,CRUSTACES,2024,3,30445.0,150.0
HALLE NADOR,CRUSTACES,2024,3,47361.5,75.97542307570495
CAPI ESSAOUIRA,POISSON PELAGIQUE,2024,3,318194.0,3.5400013828042014
MG TAZA,POISSON BLANC,2024,3,9446.0,10.502858352741901
HALLE IMIOUADDAR,POISSON PELAGIQUE,2024,3,1322.5,14.28468809073724
HALLE EL JADIDA,POISSON PELAGIQUE,2024,3,640522.5,7.4181953483289025
MG OUJDA,POISSON BLANC,2024,3,127663.5,5.92907918081519
CAPI SIDIIFNI,POISSON PELAGIQUE,2024,3,4459403.0,3.781799671390991
HALLE SAFI,POISSON BLANC,2024,3,52443.399999999994,48.17405602992941
HALLE AMTAR,CEPHALOPODES,2024,3,1874.0,58.91675560298825
MG MARRAKECH,POISSON BLANC,2024,3,369009.0,7.600440639659195
HALLE TARFAYA,CEPHALOPODES,2024,3,205213.6,73.04488162577918
MG MEKNES,CEPHALOPODES,2024,3,286.0,28.14685314685315
HALLE TIFNIT,POISSON BLANC,2024,3,636.0,84.5558176100629
HALLE CHMAALA,POISSON BLANC,2024,3,616.0,46.887175324675326
HALLE IMOUTLAN,CEPHALOPODES,2024,3,131975.0,107.70370903580223
HALLE INOUARN,CEPHALOPODES,2024,3,1176.0,69.85544217687075
HALLE TANGER,POISSON PELAGIQUE,2024,3,143011.0,10.686450692604065
HALLE LASSARGA,POISSON BLANC,2024,3,1472774.0,5.223166622984925
HALLE SOUIRIA KDIMA,POISSON PELAGIQUE,2024,3,1030.0,8.824553398058253
HALLE OUED LAOU,CEPHALOPODES,2024,3,3807.0,86.79209351195168
HALLE MOHAMMEDIA,CRUSTACES,2024,3,16.5,263.6363636363636
HALLE RAS KABDANA,CEPHALOPODES,2024,3,42628.5,82.11224884760196
MG TETOUAN,POISSON PELAGIQUE,2024,3,590433.0,4.24004518717619
HALLE LMHIRIZ,CRUSTACES,2024,3,2194.0,92.37055606198724
HALLE LAHDIDA,CEPHALOPODES,2024,3,3800.0,72.27078947368422
HALLE SIDIELGHAZI,CEPHALOPODES,2024,3,124062.5,68.98140856423173
HALLE CALAIRIS,CEPHALOPODES,2024,3,10894.5,61.26384873101105
CAPI TANTAN,POISSON PELAGIQUE,2024,3,24076.0,3.0730000830702777
HALLE AL HOCEIMA,POISSON PELAGIQUE,2024,3,42170.5,77.41478047450232
HALLE DALIA,POISSON BLANC,2024,3,10.0,30.0
CAPI LAAYOUNE,POISSON PELAGIQUE,2024,3,5114148.0,3.612572111718315
HALLE IMESSOUANE,POISSON BLANC,2024,3,16420.0,40.2419622411693
HALLE KAA ASRAS,POISSON BLANC,2024,3,345.0,33.333333333333336
HALLE TAROUMA,CEPHALOPODES,2024,3,48600.0,72.88888888888889
HALLE TAFEDNA,CEPHALOPODES,2024,3,17420.0,81.03318025258322
HALLE ASSILAH,POISSON BLANC,2024,3,258.0,67.62790697674419
CAPI SAFI,POISSON PELAGIQUE,2024,3,2631793.0,3.8378662759571136
HALLE BHIBEH,CEPHALOPODES,2024,3,4261.5,78.0452892174117
HALLE KSARSGHIR,POISSON BLANC,2024,3,494.0,67.51012145748989
HALLE SIDIHSAINE,CEPHALOPODES,2024,3,23040.0,82.73307291666667
CAPI AGADIR,POISSON PELAGIQUE,2024,4,4059509.0,5.265986903834922
HALLE LAKRAA,POISSON PELAGIQUE,2024,4,352.5,6.804822695035461
HALLE TANTAN,POISSON PELAGIQUE,2024,4,238698.0,8.872049619184073
MG RABAT,POISSON PELAGIQUE,2024,4,33396.0,3.8900377290693493
HALLE TAGHAZOUT,CEPHALOPODES,2024,4,1643.0,89.4735240413877
HALLE LACRAA(CAP 7),COQUILLAGES,2024,4,1828.0,6.999999999999999
MG CASABLANCA,CRUSTACES,2024,4,70758.0,12.438245852059133
HALLE CASABLANCA,POISSON PELAGIQUE,2024,4,781177.1,5.252482439641407
HALLE AGADIR,CRUSTACES,2024,4,93489.2,34.639302721597794
HALLE LAAYOUNE,POISSON PELAGIQUE,2024,4,317191.5,7.64459325044965
HALLE BOUJDOUR,POISSON BLANC,2024,4,758332.0,19.595917223590725
HALLE LARACHE,POISSON BLANC,2024,4,69089.29999999999,57.167092733607085
HALLE JEBHA,CEPHALOPODES,2024,4,1350.0,48.55555555555555
HALLE SIDIIFNI,POISSON PELAGIQUE,2024,4,26791.5,11.974288113767427
MG TANGER,POISSON PELAGIQUE,2024,4,859311.0,4.221177548058852
HALLE LABOUIRDA,POISSON PELAGIQUE,2024,4,16732.5,6.990049305244284
MG BENIMELLAL,CEPHALOPODES,2024,4,32.0,7.0
HALLE FNIDEQ,POISSON BLANC,2024,4,683.0,65.60761346998535
CAPI BOUJDOUR,POISSON PELAGIQUE,2024,4,6871710.0,2.982
MG INZEGANE,CEPHALOPODES,2024,4,560.0,17.96428571428571
CAPI TARFAYA,POISSON PELAGIQUE,2024,4,96975.0,6.013868729053881
HALLE M'DIQ,CEPHALOPODES,2024,4,9927.0,51.293945804371916
HALLE ESSAOUIRA,CEPHALOPODES,2024,4,6061.0,68.65113017653853
HALLE NTIREFT,POISSON BLANC,2024,4,473320.0,5.548818980816361
HALLE GREZIME,CEPHALOPODES,2024,4,5.0,36.0
HALLE MEHDIA,POISSON PELAGIQUE,2024,4,420996.0,9.650329219279994
CAPI DAKHLA,POISSON PELAGIQUE,2024,4,41391117.0,2.1286716661934975
HALLE DAKHLA,CRUSTACES,2024,4,30059.0,157.4852789513956
HALLE NADOR,CRUSTACES,2024,4,66617.5,62.686080984726225
CAPI ESSAOUIRA,POISSON PELAGIQUE,2024,4,2267895.0,3.717325890307973
MG TAZA,POISSON BLANC,2024,4,7222.0,9.915535862641926
HALLE IMIOUADDAR,POISSON PELAGIQUE,2024,4,230.0,8.269565217391303
HALLE EL JADIDA,POISSON PELAGIQUE,2024,4,901050.0,7.077020276344266
MG OUJDA,POISSON BLANC,2024,4,93883.0,5.593760318694546
CAPI SIDIIFNI,POISSON PELAGIQUE,2024,4,2897064.0,3.5375839125404203
HALLE SAFI,POISSON BLANC,2024,4,83466.5,53.30166270300061
HALLE AMTAR,CEPHALOPODES,2024,4,1042.5,40.384652278177455
MG MARRAKECH,POISSON BLANC,2024,4,253979.0,7.584536516798633
HALLE TARFAYA,CEPHALOPODES,2024,4,14761.6,53.82383549208758
MG MEKNES,CEPHALOPODES,2024,4,247.0,21.45748987854251
HALLE TIFNIT,POISSON BLANC,2024,4,2363.5,35.12185741485085
HALLE CHMAALA,POISSON BLANC,2024,4,782.0,49.69565217391305
HALLE IMOUTLAN,CEPHALOPODES,2024,4,120141.5,61.12813640582147
HALLE TANGER,POISSON PELAGIQUE,2024,4,213156.0,57.07558783238567
HALLE LASSARGA,POISSON BLANC,2024,4,1320080.5,5.236159840252166
HALLE SOUIRIA KDIMA,POISSON PELAGIQUE,2024,4,1119.5,10.114988834301027
HALLE AGLOU,POISSON BLANC,2024,4,465.5,42.495510204081626
HALLE MOHAMMEDIA,CRUSTACES,2024,4,4.0,387.5
MG TETOUAN,POISSON PELAGIQUE,2024,4,691932.0,4.412212804148385
HALLE LMHIRIZ,CRUSTACES,2024,4,10261.0,91.7978754507358
HALLE MY BOUSSELHAM,POISSON BLANC,2024,4,3775.0,49.99735099337749
HALLE SIDIELGHAZI,CEPHALOPODES,2024,4,9041.0,75.97953766176308
CAPI TANTAN,POISSON PELAGIQUE,2024,4,1717023.0,2.947877885153548
HALLE AL HOCEIMA,POISSON PELAGIQUE,2024,4,61319.0,71.67328234315629
HALLE DALIA,POISSON BLANC,2024,4,345.0,52.130434782608695
CAPI LAAYOUNE,POISSON PELAGIQUE,2024,4,4034677.0,3.573577552800385
HALLE IMESSOUANE,POISSON BLANC,2024,4,25603.0,36.48263133226575
HALLE KAA ASRAS,POISSON BLANC,2024,4,630.0,33.333333333333336
HALLE TAFEDNA,CEPHALOPODES,2024,4,269.5,73.08719851576994
HALLE ASSILAH,POISSON BLANC,2024,4,284.0,66.73591549295774
CAPI SAFI,POISSON PELAGIQUE,2024,4,4076752.0,3.652497085915454
HALLE BHIBEH,CEPHALOPODES,2024,4,37.0,44.5945945945946
HALLE KSARSGHIR,POISSON BLANC,2024,4,300.0,86.05000000000001
HALLE JORF AL ASFAR,ALGUES,2024,5,45969.0,3.0
CAPI AGADIR,POISSON PELAGIQUE,2024,5,8217879.999999999,3.944810660413635
HALLE LAKRAA,POISSON PELAGIQUE,2024,5,1368.0,6.067894736842105
HALLE TANTAN,POISSON PELAGIQUE,2024,5,193872.0,8.077172051662952
MG RABAT,POISSON PELAGIQUE,2024,5,33629.0,4.120824288560469
HALLE TAGHAZOUT,CEPHALOPODES,2024,5,4288.0,127.97318097014926
HALLE LACRAA(CAP 7),COQUILLAGES,2024,5,4159.0,7.0
MG CASABLANCA,CRUSTACES,2024,5,95937.0,12.283070139779232
HALLE CASABLANCA,POISSON PELAGIQUE,2024,5,1641251.0,4.1691044453285935
HALLE AGADIR,CRUSTACES,2024,5,141810.2,39.96359218166253
HALLE LAAYOUNE,POISSON PELAGIQUE,2024,5,346130.3,6.1805106342900356
HALLE BOUJDOUR,POISSON BLANC,2024,5,651329.5,23.443965703994674
HALLE LARACHE,POISSON BLANC,2024,5,79502.9,64.73166764985932
HALLE JEBHA,CEPHALOPODES,2024,5,3225.0,47.519379844961236
HALLE SIDIIFNI,POISSON PELAGIQUE,2024,5,31195.0,12.073226158038146
MG TANGER,POISSON PELAGIQUE,2024,5,1167047.0,4.31279005901219
HALLE LABOUIRDA,POISSON PELAGIQUE,2024,5,1278.5,8.434102463824795
MG BENIMELLAL,CEPHALOPODES,2024,5,80.0,7.000000000000001
HALLE FNIDEQ,POISSON BLANC,2024,5,743.0,65.89098250336474
CAPI BOUJDOUR,POISSON PELAGIQUE,2024,5,3450429.0,3.1679834159752307
MG INZEGANE,CEPHALOPODES,2024,5,656.0,17.896341463414632
CAPI TARFAYA,POISSON PELAGIQUE,2024,5,3172624.0,5.429805643530403
HALLE M'DIQ,CEPHALOPODES,2024,5,13545.0,40.399409376153564
HALLE ESSAOUIRA,CEPHALOPODES,2024,5,5297.5,92.41585653610193
HALLE NTIREFT,POISSON BLANC,2024,5,670739.25,4.968681943094877
HALLE GREZIME,CEPHALOPODES,2024,5,4.5,37.777777777777786
HALLE MEHDIA,POISSON PELAGIQUE,2024,5,1935776.0,3.997859256442894
CAPI DAKHLA,POISSON PELAGIQUE,2024,5,58884287.0,2.989172394156696
HALLE DAKHLA,CRUSTACES,2024,5,22328.0,200.00000000000003
HALLE NADOR,CRUSTACES,2024,5,94712.5,54.65709383661079
CAPI ESSAOUIRA,POISSON PELAGIQUE,2024,5,1941667.0,3.710746384421222
MG TAZA,POISSON BLANC,2024,5,10066.0,10.030001986886548
HALLE IMIOUADDAR,POISSON PELAGIQUE,2024,5,857.0,6.743290548424738
HALLE EL JADIDA,POISSON PELAGIQUE,2024,5,1125296.0,5.611471701667828
MG OUJDA,POISSON BLANC,2024,5,64560.0,5.837112763320942
HALLE SIDIBOULFDAIL,POISSON PELAGIQUE,2024,5,1526.0,5.006553079947575
CAPI SIDIIFNI,POISSON PELAGIQUE,2024,5,11082591.0,3.6287742099297895
HALLE SAFI,POISSON BLANC,2024,5,82864.90000000001,53.07628863366757
HALLE AMTAR,CEPHALOPODES,2024,5,813.0,40.32800738007381
MG MARRAKECH,POISSON BLANC,2024,5,259221.0,8.013235810370302
HALLE TARFAYA,CEPHALOPODES,2024,5,10736.2,51.836478456064526
MG MEKNES,CEPHALOPODES,2024,5,715.0,22.727272727272727
HALLE TIFNIT,POISSON BLANC,2024,5,6863.5,36.76142055802433
HALLE CHMAALA,POISSON BLANC,2024,5,950.5,41.1220410310363
HALLE IMOUTLAN,CEPHALOPODES,2024,5,130036.0,76.65510704727922
HALLE TANGER,POISSON PELAGIQUE,2024,5,518799.0,49.21120703779306
HALLE LASSARGA,POISSON BLANC,2024,5,1555507.0,4.554142327871234
HALLE SOUIRIA KDIMA,POISSON PELAGIQUE,2024,5,296.0,8.484797297297296
HALLE AGLOU,POISSON BLANC,2024,5,1463.0,32.36251537935748
MG TETOUAN,POISSON PELAGIQUE,2024,5,909409.0,4.361616071536569
HALLE LMHIRIZ,CRUSTACES,2024,5,21548.0,84.2540374976796
HALLE MY BOUSSELHAM,POISSON BLANC,2024,5,6007.0,50.00000000000001
HALLE SIDIELGHAZI,CEPHALOPODES,2024,5,20190.0,77.70975730559682
CAPI TANTAN,POISSON PELAGIQUE,2024,5,2578595.0,2.8733619703753406
HALLE AL HOCEIMA,POISSON PELAGIQUE,2024,5,94302.5,56.36361708332229
HALLE DALIA,POISSON BLANC,2024,5,308.0,67.93831168831169
CAPI LAAYOUNE,POISSON PELAGIQUE,2024,5,5887963.0,3.1955876743790683
HALLE IMESSOUANE,POISSON BLANC,2024,5,39574.5,33.60284652996248
HALLE KAA ASRAS,POISSON BLANC,2024,5,1335.0,32.846441947565545
HALLE SIDI ABED,CEPHALOPODES,2024,5,205.0,37.073170731707314
HALLE TAFEDNA,CEPHALOPODES,2024,5,150.5,90.87043189368771
HALLE ASSILAH,POISSON BLANC,2024,5,167.0,104.04191616766467
HALLE IMOURANE,POISSON BLANC,2024,5,4.5,27.333333333333336
CAPI SAFI,POISSON PELAGIQUE,2024,5,3758617.0,3.346821663393743
HALLE KSARSGHIR,POISSON BLANC,2024,5,347.0,100.14409221902018
HALLE JORF AL ASFAR,ALGUES,2024,6,185339.0,3.0000000000000004
CAPI AGADIR,POISSON PELAGIQUE,2024,6,2512085.0,3.0067916531486794
HALLE LAKRAA,POISSON PELAGIQUE,2024,6,281.5,8.336269982238012
HALLE TANTAN,POISSON PELAGIQUE,2024,6,87856.5,7.189092440513793
MG RABAT,POISSON PELAGIQUE,2024,6,19564.0,4.099085054181149
HALLE TAGHAZOUT,CEPHALOPODES,2024,6,818.5,104.58277336591325
HALLE LACRAA(CAP 7),COQUILLAGES,2024,6,2139.0,7.000000000000001
MG CASABLANCA,CRUSTACES,2024,6,79409.0,12.180079084234784
HALLE CASABLANCA,POISSON PELAGIQUE,2024,6,650262.5,3.0123371869052877
HALLE AGADIR,CRUSTACES,2024,6,73149.1,39.55600684082237
HALLE LAAYOUNE,POISSON PELAGIQUE,2024,6,72296.0,5.2842342591568
HALLE BOUJDOUR,POISSON BLANC,2024,6,228846.5,27.170408199382557
HALLE LARACHE,POISSON BLANC,2024,6,34468.4,68.00569217021967
HALLE JEBHA,CEPHALOPODES,2024,6,735.0,48.775510204081634
HALLE SIDIIFNI,POISSON PELAGIQUE,2024,6,15343.0,12.13635012709379
MG TANGER,POISSON PELAGIQUE,2024,6,669965.0,4.319321904875627
HALLE LABOUIRDA,POISSON PELAGIQUE,2024,6,699.5,6.9385275196568985
MG BENIMELLAL,CEPHALOPODES,2024,6,32.0,7.0
HALLE FNIDEQ,POISSON BLANC,2024,6,507.0,66.73767258382642
MG INZEGANE,CEPHALOPODES,2024,6,272.0,17.507352941176467
CAPI TARFAYA,POISSON PELAGIQUE,2024,6,2300364.0,5.199793310971655
HALLE M'DIQ,CEPHALOPODES,2024,6,11093.0,36.849905345713516
HALLE ESSAOUIRA,CEPHALOPODES,2024,6,5668.0,104.93209950599858
HALLE NTIREFT,POISSON BLANC,2024,6,143255.25,6.505080965619062
HALLE GREZIME,CEPHALOPODES,2024,6,11.0,63.63636363636363
HALLE MEHDIA,POISSON PELAGIQUE,2024,6,2942291.0,1.9416570284856256
CAPI DAKHLA,POISSON PELAGIQUE,2024,6,41805431.0,2.3336907446307635
HALLE DAKHLA,CRUSTACES,2024,6,44832.5,94.39190319522666
HALLE NADOR,CRUSTACES,2024,6,67628.0,49.87608682794109
CAPI ESSAOUIRA,POISSON PELAGIQUE,2024,6,510827.0,2.995178211018603
MG TAZA,POISSON BLANC,2024,6,4400.0,8.419318181818182
HALLE IMIOUADDAR,POISSON PELAGIQUE,2024,6,188.5,5.061007957559681
HALLE EL JADIDA,POISSON PELAGIQUE,2024,6,391510.0,3.046861306224618
MG OUJDA,POISSON BLANC,2024,6,28770.0,5.6156065345846375
HALLE SIDIBOULFDAIL,POISSON PELAGIQUE,2024,6,23.0,38.69565217391305
CAPI SIDIIFNI,POISSON PELAGIQUE,2024,6,6671302.0,2.9551386371056205
HALLE SAFI,POISSON BLANC,2024,6,71074.5,52.445648720708554
HALLE AMTAR,CEPHALOPODES,2024,6,446.5,40.0
MG MARRAKECH,POISSON BLANC,2024,6,107863.0,7.885159878735062
HALLE TARFAYA,CEPHALOPODES,2024,6,3019.5,59.077492962411
MG MEKNES,CEPHALOPODES,2024,6,234.0,22.86324786324786
HALLE TIFNIT,POISSON BLANC,2024,6,2093.5,29.267733460711725
HALLE CHMAALA,POISSON BLANC,2024,6,589.0,54.125636672325975
HALLE IMOUTLAN,CEPHALOPODES,2024,6,96289.0,73.52013729501813
HALLE TANGER,POISSON PELAGIQUE,2024,6,262192.0,28.081920882406784
HALLE LASSARGA,POISSON BLANC,2024,6,475006.0,3.8344452491126426
HALLE SOUIRIA KDIMA,POISSON PELAGIQUE,2024,6,665.5,6.096664162283997
HALLE AGLOU,POISSON BLANC,2024,6,1653.0,29.652147610405322
MG TETOUAN,POISSON PELAGIQUE,2024,6,469637.0,4.327310837945051
HALLE MY BOUSSELHAM,POISSON BLANC,2024,6,7864.0,50.0
HALLE SIDIELGHAZI,CEPHALOPODES,2024,6,38706.5,61.49996770568251
CAPI TANTAN,POISSON PELAGIQUE,2024,6,297123.0,2.910746525849564
HALLE AL HOCEIMA,POISSON PELAGIQUE,2024,6,12313.5,38.1870711008243
HALLE DALIA,POISSON BLANC,2024,6,149.0,66.00671140939598
CAPI LAAYOUNE,POISSON PELAGIQUE,2024,6,1490326.0,3.6143440831066487
HALLE IMESSOUANE,POISSON BLANC,2024,6,21152.0,29.017610627836607
HALLE KAA ASRAS,POISSON BLANC,2024,6,1125.0,33.333333333333336
HALLE SIDI ABED,CEPHALOPODES,2024,6,1233.0,31.561232765612324
HALLE TAFEDNA,CEPHALOPODES,2024,6,203.5,100.16461916461918
HALLE ASSILAH,POISSON BLANC,2024,6,261.0,63.149425287356316
HALLE IMOURANE,POISSON BLANC,2024,6,17.0,18.235294117647058
CAPI SAFI,POISSON PELAGIQUE,2024,6,2491192.0,2.5924203353254187
HALLE KSARSGHIR,POISSON BLANC,2024,6,72.0,90.27777777777779
HALLE AMEGRIOU,ALGUES,2024,6,281319.0,3.0
HALLE JORF AL ASFAR,ALGUES,2024,7,17500.0,3.0
CAPI AGADIR,POISSON PELAGIQUE,2024,7,1398372.0,3.9421692868564304
HALLE LAKRAA,POISSON PELAGIQUE,2024,7,738.0,6.230352303523035
HALLE TANTAN,POISSON PELAGIQUE,2024,7,375408.5,10.72811350835157
MG RABAT,POISSON PELAGIQUE,2024,7,34094.0,3.8992491347451166
HALLE TAGHAZOUT,CEPHALOPODES,2024,7,16947.5,86.16686826965629
HALLE LACRAA(CAP 7),COQUILLAGES,2024,7,5745.0,7.000000000000001
MG CASABLANCA,CRUSTACES,2024,7,105206.0,11.977214227325439
HALLE CASABLANCA,POISSON PELAGIQUE,2024,7,1955025.0,2.117718029181212
HALLE AGADIR,CRUSTACES,2024,7,61654.4,43.71136042196501
HALLE LAAYOUNE,POISSON PELAGIQUE,2024,7,740792.1,10.502394247994815
HALLE BOUJDOUR,POISSON BLANC,2024,7,434678.5,27.4965450787191
HALLE LARACHE,POISSON BLANC,2024,7,71756.6,69.42983126290822
HALLE JEBHA,CEPHALOPODES,2024,7,51466.5,59.038306471199704
HALLE SIDIIFNI,POISSON PELAGIQUE,2024,7,50942.5,9.94404789713893
MG TANGER,POISSON PELAGIQUE,2024,7,1057769.0,4.151498767689353
HALLE LABOUIRDA,POISSON PELAGIQUE,2024,7,1017.5000000000001,20.329238329238326
MG BENIMELLAL,CEPHALOPODES,2024,7,160.0,7.000000000000001
CAPI BOUJDOUR,POISSON PELAGIQUE,2024,7,1769314.0,3.4750259026944903
MG INZEGANE,CEPHALOPODES,2024,7,752.0,18.27659574468085
CAPI TARFAYA,POISSON PELAGIQUE,2024,7,638464.0,4.103064385775862
HALLE M'DIQ,CEPHALOPODES,2024,7,109518.5,72.20458643973393
HALLE ESSAOUIRA,CEPHALOPODES,2024,7,237459.5,80.02873984826887
HALLE NTIREFT,POISSON BLANC,2024,7,66254.0,3.2464832312011347
HALLE GREZIME,CEPHALOPODES,2024,7,1924.5,63.70379319303715
HALLE MEHDIA,POISSON PELAGIQUE,2024,7,3254200.0,1.655830926187696
HALLE SALE,CEPHALOPODES,2024,7,51984.5,103.34222700997414
CAPI DAKHLA,POISSON PELAGIQUE,2024,7,81526375.0,2.3559795820677665
HALLE DAKHLA,CRUSTACES,2024,7,46553.0,180.22254204884754
HALLE NADOR,CRUSTACES,2024,7,73365.0,53.90622231309208
CAPI ESSAOUIRA,POISSON PELAGIQUE,2024,7,1217796.0,3.278521197310551
MG TAZA,POISSON BLANC,2024,7,5382.0,10.024154589371982
HALLE IMIOUADDAR,POISSON PELAGIQUE,2024,7,216.0,7.270833333333333
HALLE EL JADIDA,POISSON PELAGIQUE,2024,7,178063.0,4.474820709524157
MG OUJDA,POISSON BLANC,2024,7,70307.0,5.694127185059809
HALLE SIDIBOULFDAIL,POISSON PELAGIQUE,2024,7,1303.5,7.743897199846566
CAPI SIDIIFNI,POISSON PELAGIQUE,2024,7,10935969.0,2.6669825399102725
HALLE SAFI,POISSON BLANC,2024,7,110842.6,67.88620647657129
HALLE AMTAR,CEPHALOPODES,2024,7,16369.499999999998,82.29344207214638
MG MARRAKECH,POISSON BLANC,2024,7,158021.0,7.428196252396834
HALLE TARFAYA,CEPHALOPODES,2024,7,488648.8,77.6245761986932
MG MEKNES,CEPHALOPODES,2024,7,1515.0,23.663366336633665
HALLE TIFNIT,POISSON BLANC,2024,7,3187.0,40.53357389394415
HALLE IMOUTLAN,CEPHALOPODES,2024,7,310676.0,102.05849502375466
HALLE INOUARN,CEPHALOPODES,2024,7,2653.5,81.11569625023553
HALLE TANGER,POISSON PELAGIQUE,2024,7,242896.0,26.49772742243594
HALLE LASSARGA,POISSON BLANC,2024,7,281694.0,5.328139754485363
HALLE SOUIRIA KDIMA,POISSON PELAGIQUE,2024,7,58.0,6.379310344827585
HALLE OUED LAOU,CEPHALOPODES,2024,7,42077.5,88.00468183708632
HALLE AGLOU,POISSON BLANC,2024,7,2957.5,34.42551479289941
HALLE RAS KABDANA,CEPHALOPODES,2024,7,27571.5,64.74631412871987
MG TETOUAN,POISSON PELAGIQUE,2024,7,680064.0,4.333566693722944
HALLE MY BOUSSELHAM,POISSON BLANC,2024,7,288.0,50.00000000000001
HALLE LAHDIDA,CEPHALOPODES,2024,7,16855.0,78.37484425986354
HALLE SIDIELGHAZI,CEPHALOPODES,2024,7,285792.0,71.80668283226963
HALLE CALAIRIS,CEPHALOPODES,2024,7,43917.5,57.293926111458994
CAPI TANTAN,POISSON PELAGIQUE,2024,7,7190727.0,3.050485701932503
HALLE AL HOCEIMA,POISSON PELAGIQUE,2024,7,73737.0,13.248016599536191
HALLE DALIA,POISSON BLANC,2024,7,22.0,51.36363636363636
CAPI LAAYOUNE,POISSON PELAGIQUE,2024,7,15095395.0,3.7605584663402314
HALLE IMESSOUANE,POISSON BLANC,2024,7,25314.5,50.54699480534871
HALLE SIDI ABED,CEPHALOPODES,2024,7,703.0,31.44381223328592
HALLE TAROUMA,CEPHALOPODES,2024,7,27000.0,76.22962962962963
HALLE TAFEDNA,CEPHALOPODES,2024,7,43027.0,82.31030515722686
HALLE ASSILAH,POISSON BLANC,2024,7,132.0,118.75
CAPI SAFI,POISSON PELAGIQUE,2024,7,3696160.0,3.1861468118263283
HALLE BHIBEH,CEPHALOPODES,2024,7,146664.5,77.62061712275295
HALLE RKOUNT,CEPHALOPODES,2024,7,4924.0,76.08041835905767
HALLE KSARSGHIR,POISSON BLANC,2024,7,245.0,40.00000000000001
HALLE SIDIHSAINE,CEPHALOPODES,2024,7,22707.0,70.0
CAPI AGADIR,POISSON PELAGIQUE,2024,8,2751536.0,2.830485183548389
HALLE LAKRAA,POISSON PELAGIQUE,2024,8,995.0,7.074874371859297
HALLE TANTAN,POISSON PELAGIQUE,2024,8,638120.5,13.44827035019248
MG RABAT,POISSON PELAGIQUE,2024,8,33707.0,4.0969620553594215
HALLE TAGHAZOUT,CEPHALOPODES,2024,8,8847.5,82.37637750777056
HALLE LACRAA(CAP 7),COQUILLAGES,2024,8,9732.0,7.0
MG CASABLANCA,CRUSTACES,2024,8,136481.0,11.386963753196415
HALLE CASABLANCA,POISSON PELAGIQUE,2024,8,168921.5,5.011075025973603
HALLE AGADIR,CRUSTACES,2024,8,39070.1,57.43008848198495
HALLE LAAYOUNE,POISSON PELAGIQUE,2024,8,739018.2999999999,11.715767214424869
HALLE BOUJDOUR,POISSON BLANC,2024,8,322169.0,23.735019508394664
HALLE LARACHE,POISSON BLANC,2024,8,55754.9,77.8994545770865
HALLE JEBHA,CEPHALOPODES,2024,8,16861.5,47.86836876908935
HALLE SIDIIFNI,POISSON PELAGIQUE,2024,8,35653.0,11.109204835497714
MG TANGER,POISSON PELAGIQUE,2024,8,1085948.0,4.06405757918427
HALLE LABOUIRDA,POISSON PELAGIQUE,2024,8,4315.0,10.295017381228273
MG BENIMELLAL,CEPHALOPODES,2024,8,96.0,7.0
HALLE FNIDEQ,POISSON BLANC,2024,8,209.0,58.56459330143541
CAPI BOUJDOUR,POISSON PELAGIQUE,2024,8,10574094.0,3.604908872571021
MG INZEGANE,CEPHALOPODES,2024,8,736.0,18.608695652173914
CAPI TARFAYA,POISSON PELAGIQUE,2024,8,2285016.0,4.678780752519894
HALLE M'DIQ,CEPHALOPODES,2024,8,23621.5,68.44376944732552
HALLE ESSAOUIRA,CEPHALOPODES,2024,8,99679.0,82.61328293823172
HALLE NTIREFT,POISSON BLANC,2024,8,332659.5,4.61826432132556
HALLE GREZIME,CEPHALOPODES,2024,8,337.0,58.338278931750736
HALLE MEHDIA,POISSON PELAGIQUE,2024,8,228500.0,2.024070021881838
HALLE SALE,CEPHALOPODES,2024,8,24016.0,101.44786808794137
CAPI DAKHLA,POISSON PELAGIQUE,2024,8,59439186.0,2.263827613655409
HALLE DAKHLA,CRUSTACES,2024,8,21377.5,200.0
HALLE NADOR,CRUSTACES,2024,8,94533.5,49.827415678040055
CAPI ESSAOUIRA,POISSON PELAGIQUE,2024,8,1357022.0,3.4372445693584925
MG TAZA,POISSON BLANC,2024,8,8290.0,9.945114595898673
HALLE IMIOUADDAR,POISSON PELAGIQUE,2024,8,304.0,4.939144736842105
HALLE EL JADIDA,POISSON PELAGIQUE,2024,8,519394.0,2.921009869193714
MG OUJDA,POISSON BLANC,2024,8,68524.0,5.777975599789855
HALLE SIDIBOULFDAIL,POISSON PELAGIQUE,2024,8,139.5,15.60673835125448
CAPI SIDIIFNI,POISSON PELAGIQUE,2024,8,3914205.0,2.979314113593948
HALLE SAFI,POISSON BLANC,2024,8,81984.09999999999,70.26450275114321
HALLE AMTAR,CEPHALOPODES,2024,8,3672.0,67.04248366013071
MG MARRAKECH,POISSON BLANC,2024,8,175513.0,7.497381960310632
HALLE TARFAYA,CEPHALOPODES,2024,8,460978.4,70.80982698972446
MG MEKNES,CEPHALOPODES,2024,8,1016.9999999999999,24.237954768928223
HALLE TIFNIT,POISSON BLANC,2024,8,1064.0,34.61278195488722
HALLE CHMAALA,POISSON BLANC,2024,8,705.0,41.09929078014185
HALLE IMOUTLAN,CEPHALOPODES,2024,8,75998.5,91.1406672500115
HALLE INOUARN,CEPHALOPODES,2024,8,1902.0,67.02103049421662
HALLE TANGER,POISSON PELAGIQUE,2024,8,143806.0,24.95349985396993
HALLE LASSARGA,POISSON BLANC,2024,8,854269.5,6.485131448565119
HALLE SOUIRIA KDIMA,POISSON PELAGIQUE,2024,8,144.5,6.199930795847751
HALLE OUED LAOU,CEPHALOPODES,2024,8,5781.5,70.73795727752312
HALLE AGLOU,POISSON BLANC,2024,8,697.0,48.84074605451937
HALLE RAS KABDANA,CEPHALOPODES,2024,8,21178.0,63.15619983001227
MG TETOUAN,POISSON PELAGIQUE,2024,8,652211.0,4.40594914835843
HALLE MY BOUSSELHAM,POISSON BLANC,2024,8,72.0,50.00000000000001
HALLE LAHDIDA,CEPHALOPODES,2024,8,25367.0,79.14294161706152
HALLE SIDIELGHAZI,CEPHALOPODES,2024,8,119606.0,72.5895858067321
HALLE CALAIRIS,CEPHALOPODES,2024,8,10871.0,62.033621561953815
HALLE SKHIRAT,POISSON PELAGIQUE,2024,8,105.0,28.28571428571429
CAPI TANTAN,POISSON PELAGIQUE,2024,8,6489408.0,3.100160872917838
HALLE AL HOCEIMA,POISSON PELAGIQUE,2024,8,49581.0,20.45781650228918
HALLE DALIA,POISSON BLANC,2024,8,439.0,68.42824601366742
CAPI LAAYOUNE,POISSON PELAGIQUE,2024,8,17551733.0,3.572903413013404
HALLE IMESSOUANE,POISSON BLANC,2024,8,21205.5,50.06256914479734
HALLE KAA ASRAS,POISSON BLANC,2024,8,525.0,44.76190476190476
HALLE SIDI ABED,CEPHALOPODES,2024,8,546.0,34.99999999999999
HALLE TAROUMA,CEPHALOPODES,2024,8,171800.0,69.9336437718277
HALLE TAFEDNA,CEPHALOPODES,2024,8,19035.5,85.27062593575162
HALLE ASSILAH,POISSON BLANC,2024,8,537.0,96.83798882681565
CAPI SAFI,POISSON PELAGIQUE,2024,8,6769041.0,2.9911905246252757
HALLE BHIBEH,CEPHALOPODES,2024,8,73942.5,72.79704500118336
HALLE RKOUNT,CEPHALOPODES,2024,8,715.5,72.08947589098531
HALLE BOUZNIKA,ALGUES,2024,8,39923.0,3.0
HALLE KSARSGHIR,POISSON BLANC,2024,8,152.0,98.375
HALLE SIDIHSAINE,CEPHALOPODES,2024,8,16125.0,69.76031007751938
HALLE JORF AL ASFAR,ALGUES,2024,9,3075559.5,3.0
CAPI AGADIR,POISSON PELAGIQUE,2024,9,2869961.0,3.3263680586600306
HALLE LAKRAA,POISSON PELAGIQUE,2024,9,38115.5,6.612780627303853
HALLE TANTAN,POISSON PELAGIQUE,2024,9,613469.0,12.198239845860181
MG RABAT,POISSON PELAGIQUE,2024,9,38233.0,3.931760521015877
HALLE TAGHAZOUT,CEPHALOPODES,2024,9,4622.5,79.32687939426717
HALLE LACRAA(CAP 7),COQUILLAGES,2024,9,4853.0,7.0
MG CASABLANCA,CRUSTACES,2024,9,94046.0,12.10901048423112
HALLE CASABLANCA,POISSON PELAGIQUE,2024,9,99471.0,8.117497763167153
HALLE AGADIR,CRUSTACES,2024,9,58132.399999999994,42.752858990855366
HALLE LAAYOUNE,POISSON PELAGIQUE,2024,9,1313687.9,11.033622224883096
HALLE BOUJDOUR,POISSON BLANC,2024,9,306555.0,23.6269935248161
HALLE LARACHE,POISSON BLANC,2024,9,45823.6,71.98221876936775
HALLE JEBHA,CEPHALOPODES,2024,9,11964.0,50.43447007689736
HALLE SIDIIFNI,POISSON PELAGIQUE,2024,9,110462.5,13.104789136584815
MG TANGER,POISSON PELAGIQUE,2024,9,969586.0,4.113974211673848
HALLE LABOUIRDA,POISSON PELAGIQUE,2024,9,13861.5,10.021750892760526
MG BENIMELLAL,CEPHALOPODES,2024,9,96.0,7.0
HALLE FNIDEQ,POISSON BLANC,2024,9,112.0,48.794642857142854
CAPI BOUJDOUR,POISSON PELAGIQUE,2024,9,10640100.0,3.6947273766224
MG INZEGANE,CEPHALOPODES,2024,9,1648.0,17.83495145631068
CAPI TARFAYA,POISSON PELAGIQUE,2024,9,510678.0,6.659800265529356
HALLE M'DIQ,CEPHALOPODES,2024,9,25398.5,70.61243774238636
HALLE ESSAOUIRA,CEPHALOPODES,2024,9,82157.0,89.74849373759996
HALLE NTIREFT,POISSON BLANC,2024,9,1286681.5,3.7487299693047587
HALLE GREZIME,CEPHALOPODES,2024,9,929.5,76.78859601936524
HALLE MEHDIA,POISSON PELAGIQUE,2024,9,539570.0,4.625183016105417
HALLE SALE,CEPHALOPODES,2024,9,13135.0,95.89116863342217
CAPI DAKHLA,POISSON PELAGIQUE,2024,9,68550424.0,2.1003955394936726
HALLE DAKHLA,CRUSTACES,2024,9,33813.0,189.2881436134031
HALLE NADOR,CRUSTACES,2024,9,73768.0,42.85055850775404
CAPI ESSAOUIRA,POISSON PELAGIQUE,2024,9,949491.0,3.2396986385336985
MG TAZA,POISSON BLANC,2024,9,9505.0,9.128879537085743
HALLE IMIOUADDAR,POISSON PELAGIQUE,2024,9,3.0,9.0
HALLE EL JADIDA,POISSON PELAGIQUE,2024,9,237751.0,2.957505962120033
MG OUJDA,POISSON BLANC,2024,9,67086.99,5.854361628089142
HALLE SIDIBOULFDAIL,POISSON PELAGIQUE,2024,9,148.5,12.929292929292929
CAPI SIDIIFNI,POISSON PELAGIQUE,2024,9,3497020.0,3.0415098283681536
HALLE SAFI,POISSON BLANC,2024,9,75689.8,64.04474579137478
HALLE AMTAR,CEPHALOPODES,2024,9,3115.0,63.02568218298555
MG MARRAKECH,POISSON BLANC,2024,9,222540.0,7.58128875707738
HALLE TARFAYA,CEPHALOPODES,2024,9,271235.0,72.82546079967555
MG MEKNES,CEPHALOPODES,2024,9,767.0,23.076923076923077
HALLE TIFNIT,POISSON BLANC,2024,9,197.0,31.96192893401015
HALLE CHMAALA,POISSON BLANC,2024,9,640.0,43.4375
HALLE IMOUTLAN,CEPHALOPODES,2024,9,23842.5,86.9890531613715
HALLE INOUARN,CEPHALOPODES,2024,9,2084.0,66.28430902111324
HALLE TANGER,POISSON PELAGIQUE,2024,9,80227.0,13.530532115123336
HALLE LASSARGA,POISSON BLANC,2024,9,2090518.9999999998,4.19945906255815
HALLE SOUIRIA KDIMA,POISSON PELAGIQUE,2024,9,640.0,13.162453125
HALLE OUED LAOU,CEPHALOPODES,2024,9,11459.0,72.90173662623266
HALLE AGLOU,POISSON BLANC,2024,9,941.5,32.19279872543813
HALLE RAS KABDANA,CEPHALOPODES,2024,9,22831.5,61.04093029367322
MG TETOUAN,POISSON PELAGIQUE,2024,9,680610.0,4.3004215923950575
HALLE LMHIRIZ,CRUSTACES,2024,9,46083.0,84.89544951500554
HALLE MY BOUSSELHAM,POISSON BLANC,2024,9,282.0,50.0
HALLE LAHDIDA,CEPHALOPODES,2024,9,23908.0,77.71072444370084
HALLE SIDIELGHAZI,CEPHALOPODES,2024,9,145917.0,79.48327131177312
HALLE CALAIRIS,CEPHALOPODES,2024,9,2926.5,58.67879719801811
HALLE SKHIRAT,POISSON PELAGIQUE,2024,9,24.0,20.0
CAPI TANTAN,POISSON PELAGIQUE,2024,9,7355696.0,2.962502835897514
HALLE AL HOCEIMA,POISSON PELAGIQUE,2024,9,31198.0,26.110135265081095
HALLE DALIA,POISSON BLANC,2024,9,506.0,67.3913043478261
CAPI LAAYOUNE,POISSON PELAGIQUE,2024,9,25526256.0,3.2411359260833237
HALLE IMESSOUANE,POISSON BLANC,2024,9,30828.0,40.65169586090567
HALLE KAA ASRAS,POISSON BLANC,2024,9,330.0,33.33333333333333
HALLE SIDI ABED,CEPHALOPODES,2024,9,810.0,31.1358024691358
HALLE TAROUMA,CEPHALOPODES,2024,9,52300.0,72.72753346080306
HALLE TAFEDNA,CEPHALOPODES,2024,9,19966.0,92.74133526995892
HALLE ASSILAH,POISSON BLANC,2024,9,601.0,86.87188019966723
CAPI SAFI,POISSON PELAGIQUE,2024,9,6097614.0,3.2802354658723893
HALLE BHIBEH,CEPHALOPODES,2024,9,67434.0,70.45474834653143
HALLE RKOUNT,CEPHALOPODES,2024,9,767.0,89.66101694915254
HALLE BOUZNIKA,ALGUES,2024,9,90105.0,3.0
HALLE KSARSGHIR,POISSON BLANC,2024,9,181.0,78.74585635359117
HALLE BELYOUNECH,POISSON PELAGIQUE,2024,9,16846.0,54.069868217974594
HALLE SIDIHSAINE,CEPHALOPODES,2024,9,10670.0,68.85473289597
HALLE JORF AL ASFAR,ALGUES,2024,10,1257850.0,3.0000000000000004
CAPI AGADIR,POISSON PELAGIQUE,2024,10,5531182.0,3.5190396428828414
HALLE LAKRAA,POISSON PELAGIQUE,2024,10,34900.0,8.067687392550145
HALLE TANTAN,POISSON PELAGIQUE,2024,10,455602.5,12.112699118200624
MG RABAT,POISSON PELAGIQUE,2024,10,46305.0,3.944660403844077
HALLE LACRAA(CAP 7),COQUILLAGES,2024,10,2249.0,7.0
MG CASABLANCA,CRUSTACES,2024,10,119667.0,11.405679092815896
HALLE CASABLANCA,POISSON PELAGIQUE,2024,10,114543.5,6.959017491171477
HALLE AGADIR,CRUSTACES,2024,10,105986.59999999999,29.94687064213778
HALLE LAAYOUNE,POISSON PELAGIQUE,2024,10,548242.4,10.979544887443948
HALLE TARGHA,COQUILLAGES,2024,10,4512.0,9.0
HALLE BOUJDOUR,POISSON BLANC,2024,10,737161.0,20.03886597364755
HALLE LARACHE,POISSON BLANC,2024,10,33076.0,74.45124863949692
HALLE JEBHA,CEPHALOPODES,2024,10,1757.0,39.69379624359704
HALLE SIDIIFNI,POISSON PELAGIQUE,2024,10,140676.0,12.493189101197078
MG TANGER,POISSON PELAGIQUE,2024,10,1012375.0,4.134715396962588
HALLE LABOUIRDA,POISSON PELAGIQUE,2024,10,24992.0,9.076384443021766
MG BENIMELLAL,CEPHALOPODES,2024,10,144.0,7.000000000000001
HALLE FNIDEQ,POISSON BLANC,2024,10,1043.0,61.869606903163955
CAPI BOUJDOUR,POISSON PELAGIQUE,2024,10,14675537.0,3.8973528001053723
MG INZEGANE,CEPHALOPODES,2024,10,1792.0,18.84821428571429
CAPI TARFAYA,POISSON PELAGIQUE,2024,10,1006240.0,3.5871412784226426
HALLE M'DIQ,CEPHALOPODES,2024,10,13905.0,40.629198130169
HALLE ESSAOUIRA,CEPHALOPODES,2024,10,8861.5,98.9682864074931
HALLE NTIREFT,POISSON BLANC,2024,10,1921940.5,3.3565646283014487
HALLE MEHDIA,POISSON PELAGIQUE,2024,10,499415.0,5.993212058107986
HALLE SALE,CEPHALOPODES,2024,10,57.0,54.44736842105263
CAPI DAKHLA,POISSON PELAGIQUE,2024,10,67857356.0,2.4557448123973473
HALLE DAKHLA,CRUSTACES,2024,10,20085.0,35.0
HALLE NADOR,CRUSTACES,2024,10,88467.0,46.42295997377553
CAPI ESSAOUIRA,POISSON PELAGIQUE,2024,10,1702819.0,3.242417661536546
MG TAZA,POISSON BLANC,2024,10,9278.0,9.567794783358481
HALLE EL JADIDA,POISSON PELAGIQUE,2024,10,109495.0,4.128316361477693
MG OUJDA,POISSON BLANC,2024,10,66612.0,5.613598150483397
CAPI SIDIIFNI,POISSON PELAGIQUE,2024,10,4563209.0,2.8898836323297927
HALLE SAFI,POISSON BLANC,2024,10,90647.90000000001,48.31990095744082
HALLE AMTAR,CEPHALOPODES,2024,10,5.0,40.0
MG MARRAKECH,POISSON BLANC,2024,10,285227.0,7.0541849123680445
HALLE TARFAYA,CEPHALOPODES,2024,10,88700.40000000001,63.19709009204017
MG MEKNES,CEPHALOPODES,2024,10,1002.0,22.75449101796407
HALLE CHMAALA,POISSON BLANC,2024,10,1016.0,45.59153543307087
HALLE IMOUTLAN,CEPHALOPODES,2024,10,5978.5,103.6988375010454
HALLE TANGER,POISSON PELAGIQUE,2024,10,60917.5,13.29213280256084
HALLE LASSARGA,POISSON BLANC,2024,10,2274956.0,3.60998544147667
HALLE SOUIRIA KDIMA,POISSON PELAGIQUE,2024,10,463.0,19.711187904967602
HALLE AGLOU,POISSON BLANC,2024,10,361.5,21.6597510373444
MG TETOUAN,POISSON PELAGIQUE,2024,10,939573.0,4.396842427357959
HALLE LMHIRIZ,CRUSTACES,2024,10,9731.0,89.19638269448156
HALLE MY BOUSSELHAM,POISSON BLANC,2024,10,975.0,50.0
HALLE SIDIELGHAZI,CEPHALOPODES,2024,10,23853.5,77.94906407864674
CAPI TANTAN,POISSON PELAGIQUE,2024,10,4189243.0000000005,3.051171729594105
HALLE AL HOCEIMA,POISSON PELAGIQUE,2024,10,36676.0,13.191296760824516
HALLE DALIA,POISSON BLANC,2024,10,247.5,61.01010101010101
CAPI LAAYOUNE,POISSON PELAGIQUE,2024,10,30956459.0,3.2478698148260436
HALLE IMESSOUANE,POISSON BLANC,2024,10,19979.5,43.14540053554894
HALLE KAA ASRAS,POISSON BLANC,2024,10,610.0,41.47540983606557
HALLE TAFEDNA,CEPHALOPODES,2024,10,538.0,96.53624535315986
HALLE ASSILAH,POISSON BLANC,2024,10,200.0,96.5
CAPI SAFI,POISSON PELAGIQUE,2024,10,4616522.0,3.2332553597708404
HALLE BOUZNIKA,ALGUES,2024,10,29376.0,3.0
HALLE KSARSGHIR,POISSON BLANC,2024,10,100.0,74.4
HALLE BELYOUNECH,POISSON PELAGIQUE,2024,10,5931.0,42.420671050413084
HALLE JORF AL ASFAR,ALGUES,2024,11,21506.0,3.0
CAPI AGADIR,POISSON PELAGIQUE,2024,11,2934384.0,3.525483685843434
HALLE LAKRAA,POISSON PELAGIQUE,2024,11,36164.0,6.958731058511226
HALLE TANTAN,POISSON PELAGIQUE,2024,11,444704.5,12.080319627977678
MG RABAT,POISSON PELAGIQUE,2024,11,48326.0,3.8073335264660844
HALLE LACRAA(CAP 7),COQUILLAGES,2024,11,310.0,7.0
MG CASABLANCA,CRUSTACES,2024,11,173519.0,11.06814930929754
HALLE CASABLANCA,POISSON PELAGIQUE,2024,11,361844.5,5.137893238670203
HALLE AGADIR,CRUSTACES,2024,11,62488.0,33.238389770836
HALLE LAAYOUNE,POISSON PELAGIQUE,2024,11,222290.6,8.14149361241546
HALLE BOUJDOUR,POISSON BLANC,2024,11,1079909.0,20.09328241546278
HALLE LARACHE,POISSON BLANC,2024,11,56901.299999999996,56.9542356677264
HALLE JEBHA,CEPHALOPODES,2024,11,1803.0,38.83527454242928
HALLE SIDIIFNI,POISSON PELAGIQUE,2024,11,647505.5,6.623578517865872
MG TANGER,POISSON PELAGIQUE,2024,11,975600.0,4.05150307503075
HALLE LABOUIRDA,POISSON PELAGIQUE,2024,11,35586.0,6.89233125386388
MG BENIMELLAL,CEPHALOPODES,2024,11,144.0,7.000000000000001
HALLE FNIDEQ,POISSON BLANC,2024,11,886.0,66.92212189616252
CAPI BOUJDOUR,POISSON PELAGIQUE,2024,11,7169750.0,4.075741169496844
MG INZEGANE,CEPHALOPODES,2024,11,2352.0,17.857142857142858
CAPI TARFAYA,POISSON PELAGIQUE,2024,11,701972.0,3.042286074088425
HALLE M'DIQ,CEPHALOPODES,2024,11,6300.0,46.994285714285716
HALLE ESSAOUIRA,CEPHALOPODES,2024,11,43110.5,143.56421451850477
HALLE NTIREFT,POISSON BLANC,2024,11,851456.5,2.2832340818350674
HALLE GREZIME,CEPHALOPODES,2024,11,36.0,93.05555555555557
HALLE MEHDIA,POISSON PELAGIQUE,2024,11,400125.0,6.110390502967823
HALLE SALE,CEPHALOPODES,2024,11,625.4,59.20450911416693
CAPI DAKHLA,POISSON PELAGIQUE,2024,11,60605042.0,2.354611734284418
HALLE NADOR,CRUSTACES,2024,11,78228.5,46.586001265523436
CAPI ESSAOUIRA,POISSON PELAGIQUE,2024,11,2115212.0,3.3393467888797908
MG TAZA,POISSON BLANC,2024,11,12985.0,9.39622641509434
HALLE EL JADIDA,POISSON PELAGIQUE,2024,11,723536.0,3.9291320127816727
MG OUJDA,POISSON BLANC,2024,11,66411.0,6.067247895679933
HALLE SIDIBOULFDAIL,POISSON PELAGIQUE,2024,11,2003.0,2.2666000998502245
CAPI SIDIIFNI,POISSON PELAGIQUE,2024,11,1617727.0,2.948867886856064
HALLE SAFI,POISSON BLANC,2024,11,126550.79999999999,41.54358423652794
MG MARRAKECH,POISSON BLANC,2024,11,263801.0,7.499194468557739
HALLE TARFAYA,CEPHALOPODES,2024,11,168594.30000000002,60.07214128828792
MG MEKNES,CEPHALOPODES,2024,11,2065.0,23.213075060532688
HALLE TIFNIT,POISSON BLANC,2024,11,2.0,40.0
HALLE CHMAALA,POISSON BLANC,2024,11,1046.5,48.618251313903485
HALLE IMOUTLAN,CEPHALOPODES,2024,11,20937.0,85.18858957825857
HALLE TANGER,POISSON PELAGIQUE,2024,11,44998.5,12.969121192928654
HALLE LASSARGA,POISSON BLANC,2024,11,1078373.5,4.978528311387474
HALLE SOUIRIA KDIMA,POISSON PELAGIQUE,2024,11,719.0,12.030083449235049
HALLE AGLOU,POISSON BLANC,2024,11,488.5,31.201924257932443
MG TETOUAN,POISSON PELAGIQUE,2024,11,782920.0,4.500054935370153
HALLE LMHIRIZ,CRUSTACES,2024,11,4316.0,101.23772011121409
HALLE MY BOUSSELHAM,POISSON BLANC,2024,11,3785.0,45.60105680317041
HALLE SIDIELGHAZI,CEPHALOPODES,2024,11,17485.0,85.3182156133829
HALLE CALAIRIS,CEPHALOPODES,2024,11,12.0,41.666666666666664
CAPI TANTAN,POISSON PELAGIQUE,2024,11,3546387.0,2.8948442936430796
HALLE AL HOCEIMA,POISSON PELAGIQUE,2024,11,23795.5,16.16391754743544
HALLE DALIA,POISSON BLANC,2024,11,150.0,64.86666666666667
CAPI LAAYOUNE,POISSON PELAGIQUE,2024,11,8091699.0,3.3225906981957682
HALLE IMESSOUANE,POISSON BLANC,2024,11,35877.5,36.54347571597798
HALLE KAA ASRAS,POISSON BLANC,2024,11,340.0,36.76470588235294
HALLE TAFEDNA,CEPHALOPODES,2024,11,233.0,84.43776824034335
HALLE ASSILAH,POISSON BLANC,2024,11,78.0,40.217948717948715
CAPI SAFI,POISSON PELAGIQUE,2024,11,5048405.0,3.313939115423585
HALLE BHIBEH,CEPHALOPODES,2024,11,6.5,33.07692307692308
HALLE KSARSGHIR,POISSON BLANC,2024,11,223.0,107.8609865470852
HALLE JORF AL ASFAR,ALGUES,2024,12,8938.0,3.0
CAPI AGADIR,POISSON PELAGIQUE,2024,12,2731682.0,3.0685544291026554
HALLE LAKRAA,POISSON PELAGIQUE,2024,12,11374.5,5.298958195964659
HALLE TANTAN,POISSON PELAGIQUE,2024,12,245869.0,10.75567070269127
MG RABAT,POISSON PELAGIQUE,2024,12,44322.0,3.7110486891385763
HALLE LACRAA(CAP 7),COQUILLAGES,2024,12,889.0,7.0
MG CASABLANCA,CRUSTACES,2024,12,189479.0,11.028608447374115
HALLE CASABLANCA,POISSON PELAGIQUE,2024,12,540504.0,5.416014553083789
HALLE AGADIR,CRUSTACES,2024,12,59199.8,39.9700421285207
HALLE LAAYOUNE,POISSON PELAGIQUE,2024,12,303378.2,9.681773443180822
HALLE TARGHA,COQUILLAGES,2024,12,29863.0,12.854803603120919
HALLE BOUJDOUR,POISSON BLANC,2024,12,614892.5,20.097956439540244
HALLE LARACHE,POISSON BLANC,2024,12,58742.5,59.90313674086053
HALLE JEBHA,CEPHALOPODES,2024,12,2955.5,37.35408560311284
HALLE SIDIIFNI,POISSON PELAGIQUE,2024,12,347947.0,5.425451778575472
MG TANGER,POISSON PELAGIQUE,2024,12,971247.0,4.125956733971894
HALLE LABOUIRDA,POISSON PELAGIQUE,2024,12,25921.0,13.814474750202539
MG BENIMELLAL,CEPHALOPODES,2024,12,64.0,7.0
HALLE FNIDEQ,POISSON BLANC,2024,12,470.0,71.12127659574469
CAPI BOUJDOUR,POISSON PELAGIQUE,2024,12,4728938.0,3.359752631563366
MG INZEGANE,CEPHALOPODES,2024,12,1920.0,19.991666666666667
HALLE M'DIQ,CEPHALOPODES,2024,12,11999.0,36.846403866988915
HALLE ESSAOUIRA,CEPHALOPODES,2024,12,16951.5,72.88252544022653
HALLE NTIREFT,POISSON BLANC,2024,12,32928.5,2.7900602821264253
HALLE MEHDIA,POISSON PELAGIQUE,2024,12,977697.0,5.770438080509606
HALLE SALE,CEPHALOPODES,2024,12,141.6,54.474576271186436
CAPI DAKHLA,POISSON PELAGIQUE,2024,12,61984967.0,2.0731690795285895
HALLE NADOR,CRUSTACES,2024,12,70819.5,49.72119260938018
CAPI ESSAOUIRA,POISSON PELAGIQUE,2024,12,1956901.0,3.3636202342377057
MG TAZA,POISSON BLANC,2024,12,10460.0,9.541586998087954
HALLE IMIOUADDAR,POISSON PELAGIQUE,2024,12,916.0,7.210698689956332
HALLE EL JADIDA,POISSON PELAGIQUE,2024,12,976346.0,5.106383044535441
MG OUJDA,POISSON BLANC,2024,12,60298.0,6.161182792132409
HALLE SIDIBOULFDAIL,POISSON PELAGIQUE,2024,12,3377.5,2.2300518134715026
HALLE SAFI,POISSON BLANC,2024,12,103981.0,52.60970321501044
MG MARRAKECH,POISSON BLANC,2024,12,255692.0,7.5914224926865135
HALLE TARFAYA,CEPHALOPODES,2024,12,87776.0,59.760877688662056
MG MEKNES,CEPHALOPODES,2024,12,988.0,26.568825910931174
HALLE TIFNIT,POISSON BLANC,2024,12,35.0,35.285714285714285
HALLE CHMAALA,POISSON BLANC,2024,12,850.0,46.70588235294118
HALLE IMOUTLAN,CEPHALOPODES,2024,12,56065.0,67.47027557299563
HALLE TANGER,POISSON PELAGIQUE,2024,12,45626.0,11.476855301801606
HALLE LASSARGA,POISSON BLANC,2024,12,265116.0,11.453757977639977
HALLE SOUIRIA KDIMA,POISSON PELAGIQUE,2024,12,495.0,10.973575757575757
MG TETOUAN,POISSON PELAGIQUE,2024,12,822365.0,4.345938470144036
HALLE LMHIRIZ,CRUSTACES,2024,12,5144.0,100.51516329704509
HALLE MY BOUSSELHAM,POISSON BLANC,2024,12,4446.0,40.2834008097166
HALLE SIDIELGHAZI,CEPHALOPODES,2024,12,2801.5,73.43797965375693
HALLE CALAIRIS,CEPHALOPODES,2024,12,48.0,35.416666666666664
CAPI TANTAN,POISSON PELAGIQUE,2024,12,649388.0,3.081155672725705
HALLE AL HOCEIMA,POISSON PELAGIQUE,2024,12,48756.5,47.1642755324931
HALLE DALIA,POISSON BLANC,2024,12,182.0,57.30769230769231
CAPI LAAYOUNE,POISSON PELAGIQUE,2024,12,184497.0,5.751666747968801
HALLE IMESSOUANE,POISSON BLANC,2024,12,41799.5,38.36046770894389
HALLE KAA ASRAS,POISSON BLANC,2024,12,1429.0,34.88453463960812
HALLE SIDI ABED,CEPHALOPODES,2024,12,150.0,35.0
HALLE TAFEDNA,CEPHALOPODES,2024,12,2286.5,72.88607478679204
HALLE ASSILAH,POISSON BLANC,2024,12,675.0,97.25925925925927
CAPI SAFI,POISSON PELAGIQUE,2024,12,4670013.0,3.194910506673108
HALLE KSARSGHIR,POISSON BLANC,2024,12,462.0,128.0887445887446
HALLE TANTAN,POISSON PELAGIQUE,2025,1,372071.5,14.219213242616004
MG RABAT,POISSON PELAGIQUE,2025,1,34656.0,3.948078254847646
HALLE TAGHAZOUT,CEPHALOPODES,2025,1,9645.0,89.85940902021773
HALLE LACRAA(CAP 7),COQUILLAGES,2025,1,4705.0,7.0
MG CASABLANCA,CRUSTACES,2025,1,162916.0,10.702832134351446
HALLE CASABLANCA,POISSON PELAGIQUE,2025,1,631761.0,5.4747174485287955
HALLE AGADIR,CRUSTACES,2025,1,19904.3,57.867269886406454
HALLE LAAYOUNE,POISSON PELAGIQUE,2025,1,452905.39999999997,12.292438994986592
HALLE BOUJDOUR,POISSON BLANC,2025,1,530710.5,27.482235814064353
HALLE LARACHE,POISSON BLANC,2025,1,53109.0,59.75258430774445
HALLE JEBHA,CEPHALOPODES,2025,1,77541.0,68.76594317844754
HALLE SIDIIFNI,POISSON PELAGIQUE,2025,1,12214.0,15.294724905845749
MG TANGER,POISSON PELAGIQUE,2025,1,686276.0,4.395287901660557
HALLE LABOUIRDA,POISSON PELAGIQUE,2025,1,120.0,7.05
MG BENIMELLAL,CEPHALOPODES,2025,1,16.0,7.0
MG INZEGANE,CEPHALOPODES,2025,1,1440.0,20.922222222222224
HALLE M'DIQ,CEPHALOPODES,2025,1,137016.0,77.78231374438023
HALLE ESSAOUIRA,CEPHALOPODES,2025,1,247813.5,76.58907000627487
HALLE GREZIME,CEPHALOPODES,2025,1,236.0,64.04665254237288
HALLE MEHDIA,POISSON PELAGIQUE,2025,1,699968.0,8.007794642040778
HALLE SALE,CEPHALOPODES,2025,1,64822.0,94.27337169479497
HALLE NADOR,CRUSTACES,2025,1,44419.0,53.41160314279925
CAPI ESSAOUIRA,POISSON PELAGIQUE,2025,1,463363.0,3.321961399593839
MG TAZA,POISSON BLANC,2025,1,13866.0,9.624981970287035
HALLE IMIOUADDAR,POISSON PELAGIQUE,2025,1,46.5,11.290322580645162
HALLE EL JADIDA,POISSON PELAGIQUE,2025,1,515659.99999999994,7.952798355505565
MG OUJDA,POISSON BLANC,2025,1,43587.0,7.2882969692798305
HALLE SAFI,POISSON BLANC,2025,1,100590.5,51.25590040809022
HALLE AMTAR,CEPHALOPODES,2025,1,14724.0,93.56917277913611
MG MARRAKECH,POISSON BLANC,2025,1,239778.0,7.571140805244852
HALLE TARFAYA,CEPHALOPODES,2025,1,691720.0,88.1868696437865
MG MEKNES,CEPHALOPODES,2025,1,351.0,41.1965811965812
HALLE TIFNIT,POISSON BLANC,2025,1,11.0,62.00000000000001
HALLE IMOUTLAN,CEPHALOPODES,2025,1,381022.5,102.78380016928134
HALLE INOUARN,CEPHALOPODES,2025,1,8495.5,70.07939497380967
HALLE TANGER,POISSON PELAGIQUE,2025,1,61516.0,11.778805514012616
HALLE LASSARGA,POISSON BLANC,2025,1,180505.0,2.181474197390654
HALLE SOUIRIA KDIMA,POISSON PELAGIQUE,2025,1,7.0,21.428571428571427
HALLE OUED LAOU,CEPHALOPODES,2025,1,35416.0,92.21920883216626
HALLE AGLOU,POISSON BLANC,2025,1,3.0,60.0
HALLE RAS KABDANA,CEPHALOPODES,2025,1,45892.5,91.4970093152476
MG TETOUAN,POISSON PELAGIQUE,2025,1,386262.0,4.536772656901274
HALLE LAHDIDA,CEPHALOPODES,2025,1,11334.0,71.77748367743074
HALLE SIDIELGHAZI,CEPHALOPODES,2025,1,190965.0,89.39052182337078
HALLE CALAIRIS,CEPHALOPODES,2025,1,92687.0,62.93824376665552
HALLE AL HOCEIMA,POISSON PELAGIQUE,2025,1,30480.5,50.46027788258067
HALLE DALIA,POISSON BLANC,2025,1,3.5,90.0
HALLE IMESSOUANE,POISSON BLANC,2025,1,7336.5,39.129485449465
HALLE TAFEDNA,CEPHALOPODES,2025,1,30253.5,83.56946469003586
HALLE ASSILAH,POISSON BLANC,2025,1,535.0,100.20934579439252
CAPI SAFI,POISSON PELAGIQUE,2025,1,1733653.0,4.324928806398973
HALLE BHIBEH,CEPHALOPODES,2025,1,61208.5,70.31176225524233
HALLE RKOUNT,CEPHALOPODES,2025,1,2056.5,79.69853634816434
HALLE KSARSGHIR,POISSON BLANC,2025,1,50.0,123.2
HALLE SIDIHSAINE,CEPHALOPODES,2025,1,37845.0,70.12973972783723
CAPI AGADIR,POISSON PELAGIQUE,2025,2,2251670.0,3.4045329866277028
HALLE TANTAN,POISSON PELAGIQUE,2025,2,262325.5,12.085794175556703
MG RABAT,POISSON PELAGIQUE,2025,2,34890.0,3.709707652622528
HALLE TAGHAZOUT,CEPHALOPODES,2025,2,5036.0,102.79328832406674
HALLE LACRAA(CAP 7),COQUILLAGES,2025,2,4761.0,6.999999999999999
MG CASABLANCA,CRUSTACES,2025,2,141992.0,11.289531100343684
HALLE CASABLANCA,POISSON PELAGIQUE,2025,2,1911721.0,5.0797905238264365
HALLE AGADIR,CRUSTACES,2025,2,9313.0,63.13277139482444
HALLE LAAYOUNE,POISSON PELAGIQUE,2025,2,312476.3,10.87002438264918
HALLE TARGHA,COQUILLAGES,2025,2,15080.0,10.0
HALLE BOUJDOUR,POISSON BLANC,2025,2,370114.5,23.511475556888474
HALLE LARACHE,POISSON BLANC,2025,2,70613.8,61.72639526551468
HALLE JEBHA,CEPHALOPODES,2025,2,54119.5,51.44022025332828
HALLE SIDIIFNI,POISSON PELAGIQUE,2025,2,194906.0,3.8077726699024144
MG TANGER,POISSON PELAGIQUE,2025,2,853644.0,4.290926194057476
HALLE LABOUIRDA,POISSON PELAGIQUE,2025,2,3588.0,22.25780379041249
MG BENIMELLAL,CEPHALOPODES,2025,2,32.0,7.0
HALLE FNIDEQ,POISSON BLANC,2025,2,258.0,69.7015503875969
CAPI BOUJDOUR,POISSON PELAGIQUE,2025,2,207895.0,2.982
MG INZEGANE,CEPHALOPODES,2025,2,976.0,22.836065573770494
HALLE MARTIL,ALGUES,2025,2,25490.0,20.0
CAPI TARFAYA,POISSON PELAGIQUE,2025,2,3851853.0,3.0272739354279614
HALLE M'DIQ,CEPHALOPODES,2025,2,54184.0,64.04624058762735
HALLE ESSAOUIRA,CEPHALOPODES,2025,2,136567.5,79.9964321672433
HALLE NTIREFT,POISSON BLANC,2025,2,29753.5,3.0293242811770043
HALLE GREZIME,CEPHALOPODES,2025,2,129.5,71.31274131274131
HALLE MEHDIA,POISSON PELAGIQUE,2025,2,635300.0,6.9055643003305525
HALLE SALE,CEPHALOPODES,2025,2,40621.0,104.69905959971442
CAPI DAKHLA,POISSON PELAGIQUE,2025,2,690027.0,2.8637662004530258
HALLE NADOR,CRUSTACES,2025,2,49710.0,66.2849527258097
CAPI ESSAOUIRA,POISSON PELAGIQUE,2025,2,369888.0,3.3705689289730945
MG TAZA,POISSON BLANC,2025,2,18818.0,9.013178871293443
HALLE IMIOUADDAR,POISSON PELAGIQUE,2025,2,468.5,16.04695837780149
HALLE EL JADIDA,POISSON PELAGIQUE,2025,2,1055588.0,5.494084813393104
MG OUJDA,POISSON BLANC,2025,2,43839.0,7.730000684322179
CAPI SIDIIFNI,POISSON PELAGIQUE,2025,2,1795013.0,3.1288889272668223
HALLE SAFI,POISSON BLANC,2025,2,92872.79,51.611590219266596
HALLE AMTAR,CEPHALOPODES,2025,2,2421.0,94.0066088393226
MG MARRAKECH,POISSON BLANC,2025,2,350487.0,7.081172768176851
HALLE TARFAYA,CEPHALOPODES,2025,2,283872.0,86.42431860134144
MG MEKNES,CEPHALOPODES,2025,2,143.0,40.209790209790214
HALLE TIFNIT,POISSON BLANC,2025,2,118.5,74.60337552742617
HALLE CHMAALA,POISSON BLANC,2025,2,89.5,50.977653631284916
HALLE IMOUTLAN,CEPHALOPODES,2025,2,106149.5,103.89792227000598
HALLE INOUARN,CEPHALOPODES,2025,2,5337.5,63.88355971896955
HALLE TANGER,POISSON PELAGIQUE,2025,2,243902.0,8.941878295380933
HALLE LASSARGA,POISSON BLANC,2025,2,609330.5,3.6034590423423745
HALLE SOUIRIA KDIMA,POISSON PELAGIQUE,2025,2,185.0,10.864864864864863
HALLE OUED LAOU,CEPHALOPODES,2025,2,5154.5,91.44291395867688
HALLE AGLOU,POISSON BLANC,2025,2,56.5,60.176991150442475
HALLE RAS KABDANA,CEPHALOPODES,2025,2,44802.5,75.10761676245745
MG TETOUAN,POISSON PELAGIQUE,2025,2,545790.0,4.427936367467342
HALLE LAHDIDA,CEPHALOPODES,2025,2,13103.0,72.007708158437
HALLE SIDIELGHAZI,CEPHALOPODES,2025,2,130964.0,97.4298356800342
HALLE CALAIRIS,CEPHALOPODES,2025,2,34604.5,63.99895967287491
CAPI TANTAN,POISSON PELAGIQUE,2025,2,1184493.0,3.1130516178651964
HALLE AL HOCEIMA,POISSON PELAGIQUE,2025,2,24645.5,48.207624109878076
HALLE DALIA,POISSON BLANC,2025,2,10.0,40.0
CAPI LAAYOUNE,POISSON PELAGIQUE,2025,2,389142.0,7.117610589450638
HALLE IMESSOUANE,POISSON BLANC,2025,2,17516.0,41.1028573875314
HALLE KAA ASRAS,POISSON BLANC,2025,2,437.0,56.63615560640732
HALLE TAROUMA,CEPHALOPODES,2025,2,194400.0,70.65457818930041
HALLE TAFEDNA,CEPHALOPODES,2025,2,19614.5,87.61610033393663
HALLE ASSILAH,POISSON BLANC,2025,2,427.0,86.46370023419205
HALLE IMOURANE,POISSON BLANC,2025,2,21.5,117.44186046511628
CAPI SAFI,POISSON PELAGIQUE,2025,2,1851399.0,4.793196226205157
HALLE BHIBEH,CEPHALOPODES,2025,2,21600.5,74.3139047707229
HALLE RKOUNT,CEPHALOPODES,2025,2,796.0,77.82663316582915
HALLE SIDIHSAINE,CEPHALOPODES,2025,2,23450.0,71.0
CAPI AGADIR,POISSON PELAGIQUE,2025,3,4973618.0,3.5244878718068016
HALLE LAKRAA,POISSON PELAGIQUE,2025,3,12.5,5.999999999999999
HALLE TANTAN,POISSON PELAGIQUE,2025,3,1179277.0,12.378047312039495
MG RABAT,POISSON PELAGIQUE,2025,3,50610.0,3.8740545346769415
HALLE TAGHAZOUT,CEPHALOPODES,2025,3,4233.0,104.44779116465864
HALLE LACRAA(CAP 7),COQUILLAGES,2025,3,2660.0,7.0
MG CASABLANCA,CRUSTACES,2025,3,117514.0,11.863210340895554
HALLE CASABLANCA,POISSON PELAGIQUE,2025,3,304761.0,6.97179101000456
HALLE AGADIR,CRUSTACES,2025,3,28401.1,56.2297974374232
HALLE LAAYOUNE,POISSON PELAGIQUE,2025,3,1673105.9,12.529078350629211
HALLE BOUJDOUR,POISSON BLANC,2025,3,618115.0,22.831631638125593
HALLE LARACHE,POISSON BLANC,2025,3,55764.0,57.275414963058594
HALLE JEBHA,CEPHALOPODES,2025,3,38716.5,37.02465357147469
HALLE SIDIIFNI,POISSON PELAGIQUE,2025,3,342721.0,3.5777175603479217
MG TANGER,POISSON PELAGIQUE,2025,3,906905.0,4.242484824761138
HALLE LABOUIRDA,POISSON PELAGIQUE,2025,3,12925.5,10.418165641561256
HALLE FNIDEQ,POISSON BLANC,2025,3,413.0,67.60290556900728
CAPI BOUJDOUR,POISSON PELAGIQUE,2025,3,50680.0,2.9819999999999998
MG INZEGANE,CEPHALOPODES,2025,3,800.0,19.959999999999997
CAPI TARFAYA,POISSON PELAGIQUE,2025,3,1710992.0,3.0270000619523643
HALLE M'DIQ,CEPHALOPODES,2025,3,43970.0,64.80113713895838
HALLE ESSAOUIRA,CEPHALOPODES,2025,3,64283.5,74.99080899453203
HALLE NTIREFT,POISSON BLANC,2025,3,670953.0,2.670612546631433
HALLE MEHDIA,POISSON PELAGIQUE,2025,3,283400.0,6.020818630910374
HALLE SALE,CEPHALOPODES,2025,3,18523.5,118.87434880017277
CAPI DAKHLA,POISSON PELAGIQUE,2025,3,18022162.0,2.935816945824813
HALLE DAKHLA,CRUSTACES,2025,3,24016.0,200.0
HALLE NADOR,CRUSTACES,2025,3,45418.5,81.81511938967601
CAPI ESSAOUIRA,POISSON PELAGIQUE,2025,3,249665.0,3.267754791420504
MG TAZA,POISSON BLANC,2025,3,22599.0,8.304128501261117
HALLE IMIOUADDAR,POISSON PELAGIQUE,2025,3,6.0,16.0
HALLE EL JADIDA,POISSON PELAGIQUE,2025,3,173908.0,5.705602962485912
MG OUJDA,POISSON BLANC,2025,3,62547.0,7.231314051833023
CAPI SIDIIFNI,POISSON PELAGIQUE,2025,3,4380779.0,3.1533255615040154
HALLE SAFI,POISSON BLANC,2025,3,41777.4,57.98970807182831
HALLE AMTAR,CEPHALOPODES,2025,3,439.0,42.642369020501135
MG MARRAKECH,POISSON BLANC,2025,3,527763.0,7.060481693487417
HALLE TARFAYA,CEPHALOPODES,2025,3,227043.0,84.92602216320256
MG MEKNES,CEPHALOPODES,2025,3,91.0,25.274725274725274
HALLE TIFNIT,POISSON BLANC,2025,3,39.5,62.81012658227848
HALLE CHMAALA,POISSON BLANC,2025,3,433.0,46.18937644341801
HALLE IMOUTLAN,CEPHALOPODES,2025,3,93209.0,105.6544700619039
HALLE INOUARN,CEPHALOPODES,2025,3,3655.5,64.18137053754617
HALLE TANGER,POISSON PELAGIQUE,2025,3,132642.0,12.731148504998417
HALLE LASSARGA,POISSON BLANC,2025,3,813629.5,3.0986013904363103
HALLE SOUIRIA KDIMA,POISSON PELAGIQUE,2025,3,860.0,11.2345
HALLE OUED LAOU,CEPHALOPODES,2025,3,1641.0,84.92017062766607
HALLE AGLOU,POISSON BLANC,2025,3,206.0,27.66990291262136
HALLE RAS KABDANA,CEPHALOPODES,2025,3,25154.0,72.30420609048262
MG TETOUAN,POISSON PELAGIQUE,2025,3,560487.0,4.395053551643482
HALLE LMHIRIZ,CRUSTACES,2025,3,2004.0,99.04091816367266
HALLE MY BOUSSELHAM,POISSON BLANC,2025,3,36.0,50.00000000000001
HALLE LAHDIDA,CEPHALOPODES,2025,3,37563.0,77.04996938476692
HALLE SIDIELGHAZI,CEPHALOPODES,2025,3,65150.99999999999,81.78993415296773
HALLE CALAIRIS,CEPHALOPODES,2025,3,17399.0,62.721334559457446
CAPI TANTAN,POISSON PELAGIQUE,2025,3,7920778.0,3.07746261036479
HALLE AL HOCEIMA,POISSON PELAGIQUE,2025,3,10372.5,58.842709086526874
HALLE DALIA,POISSON BLANC,2025,3,23.0,110.0
CAPI LAAYOUNE,POISSON PELAGIQUE,2025,3,4823074.0,7.43936235065023
HALLE IMESSOUANE,POISSON BLANC,2025,3,17062.0,41.00960379791349
HALLE KAA ASRAS,POISSON BLANC,2025,3,550.0,41.81818181818181
HALLE TAROUMA,CEPHALOPODES,2025,3,48400.0,70.66528925619835
HALLE TAFEDNA,CEPHALOPODES,2025,3,12401.0,89.55330215305217
CAPI SAFI,POISSON PELAGIQUE,2025,3,2499586.0,5.999954072394389
HALLE BHIBEH,CEPHALOPODES,2025,3,16812.0,83.56153342850344
HALLE KSARSGHIR,POISSON BLANC,2025,3,280.0,109.32857142857141
HALLE SIDIHSAINE,CEPHALOPODES,2025,3,22750.0,72.32263736263737
CAPI AGADIR,POISSON PELAGIQUE,2025,4,922305.0,3.684652159535078
HALLE LAKRAA,POISSON PELAGIQUE,2025,4,573.5,10.728857890148213
HALLE TANTAN,POISSON PELAGIQUE,2025,4,119344.0,7.839966818608393
MG RABAT,POISSON PELAGIQUE,2025,4,23354.0,3.7956752590562646
HALLE LACRAA(CAP 7),COQUILLAGES,2025,4,2029.9999999999998,7.000000000000001
MG CASABLANCA,CRUSTACES,2025,4,79697.0,12.06449427205541
HALLE CASABLANCA,POISSON PELAGIQUE,2025,4,473949.0,5.570394768213457
HALLE AGADIR,CRUSTACES,2025,4,86594.09999999999,45.33498818048805
HALLE LAAYOUNE,POISSON PELAGIQUE,2025,4,183206.19999999998,8.237238368570496
HALLE BOUJDOUR,POISSON BLANC,2025,4,438294.5,22.78048976202074
HALLE LARACHE,POISSON BLANC,2025,4,104277.04,50.45594332175136
HALLE JEBHA,CEPHALOPODES,2025,4,4110.0,28.07785888077859
HALLE SIDIIFNI,POISSON PELAGIQUE,2025,4,398555.0,3.946741629135251
MG TANGER,POISSON PELAGIQUE,2025,4,753582.0,4.301214466375258
HALLE LABOUIRDA,POISSON PELAGIQUE,2025,4,1621.5,10.80049337033611
MG BENIMELLAL,CEPHALOPODES,2025,4,32.0,7.0
HALLE FNIDEQ,POISSON BLANC,2025,4,567.0,77.48853615520282
MG INZEGANE,CEPHALOPODES,2025,4,2736.0,16.0
CAPI TARFAYA,POISSON PELAGIQUE,2025,4,930196.0,5.465106171172526
HALLE M'DIQ,CEPHALOPODES,2025,4,12974.0,46.63588715893325
HALLE ESSAOUIRA,CEPHALOPODES,2025,4,23864.920000000002,27.46915598292389
HALLE NTIREFT,POISSON BLANC,2025,4,689094.0,2.30309072492287
HALLE GREZIME,CEPHALOPODES,2025,4,1.5,40.0
HALLE MEHDIA,POISSON PELAGIQUE,2025,4,1032895.0,4.130807100431312
CAPI DAKHLA,POISSON PELAGIQUE,2025,4,19430300.0,2.3392543861906403
HALLE DAKHLA,CRUSTACES,2025,4,18539.0,200.0
HALLE NADOR,CRUSTACES,2025,4,45049.0,75.14795000998913
CAPI ESSAOUIRA,POISSON PELAGIQUE,2025,4,585157.0,2.9952067564773213
MG TAZA,POISSON BLANC,2025,4,11686.0,7.43582064008215
HALLE IMIOUADDAR,POISSON PELAGIQUE,2025,4,23.0,18.717391304347824
HALLE EL JADIDA,POISSON PELAGIQUE,2025,4,293407.0,5.487616178209791
MG OUJDA,POISSON BLANC,2025,4,34368.0,7.171467644320297
CAPI SIDIIFNI,POISSON PELAGIQUE,2025,4,5432574.0,4.105445705847726
HALLE SAFI,POISSON BLANC,2025,4,64037.00000000001,65.50073910395552
HALLE AMTAR,CEPHALOPODES,2025,4,817.0,42.6187270501836
MG MARRAKECH,POISSON BLANC,2025,4,237854.0,7.398488148191747
HALLE TARFAYA,CEPHALOPODES,2025,4,92517.0,34.10320405979442
MG MEKNES,CEPHALOPODES,2025,4,1060.0,20.047169811320753
HALLE TIFNIT,POISSON BLANC,2025,4,796.5,43.470734463276834
HALLE CHMAALA,POISSON BLANC,2025,4,755.0,45.331125827814574
HALLE TANGER,POISSON PELAGIQUE,2025,4,225233.0,60.46629490349993
HALLE LASSARGA,POISSON BLANC,2025,4,19806.0,18.669898010703825
HALLE SOUIRIA KDIMA,POISSON PELAGIQUE,2025,4,224.5,13.732026726057907
HALLE MOHAMMEDIA,CRUSTACES,2025,4,15.5,317.4193548387097
MG TETOUAN,POISSON PELAGIQUE,2025,4,448178.0,4.419820897054295
HALLE LMHIRIZ,CRUSTACES,2025,4,29193.0,93.31219812968862
HALLE MY BOUSSELHAM,POISSON BLANC,2025,4,5695.0,50.0
HALLE SIDIELGHAZI,CEPHALOPODES,2025,4,628.0,122.9187898089172
HALLE CALAIRIS,CEPHALOPODES,2025,4,396.0,25.0
CAPI TANTAN,POISSON PELAGIQUE,2025,4,12359332.0,3.181914472400288
HALLE AL HOCEIMA,POISSON PELAGIQUE,2025,4,37858.5,78.59087127065256
HALLE DALIA,POISSON BLANC,2025,4,58.0,47.586206896551715
CAPI LAAYOUNE,POISSON PELAGIQUE,2025,4,7612496.0,3.501120016352061
HALLE IMESSOUANE,POISSON BLANC,2025,4,26108.5,39.1991136986039
HALLE KAA ASRAS,POISSON BLANC,2025,4,682.0,44.79472140762463
HALLE TAFEDNA,CEPHALOPODES,2025,4,19.0,45.78947368421053
HALLE ASSILAH,POISSON BLANC,2025,4,556.0,67.07374100719424
CAPI SAFI,POISSON PELAGIQUE,2025,4,4114697.0,3.117322077421497
HALLE KSARSGHIR,POISSON BLANC,2025,4,1093.0,92.74382433668802
CAPI AGADIR,POISSON PELAGIQUE,2025,5,3832872.0,3.848139572623349
HALLE LAKRAA,POISSON PELAGIQUE,2025,5,1521.5,4.35623397962537
HALLE TANTAN,POISSON PELAGIQUE,2025,5,219203.0,8.5374538669635
MG RABAT,POISSON PELAGIQUE,2025,5,30531.0,4.005161966525827
HALLE TAGHAZOUT,CEPHALOPODES,2025,5,66.0,119.66666666666666
HALLE LACRAA(CAP 7),COQUILLAGES,2025,5,1075.0,7.000000000000001
MG CASABLANCA,CRUSTACES,2025,5,171705.0,10.628745231647303
HALLE CASABLANCA,POISSON PELAGIQUE,2025,5,897697.5,4.190925673737534
HALLE AGADIR,CRUSTACES,2025,5,79116.8,46.415954639216956
HALLE LAAYOUNE,POISSON PELAGIQUE,2025,5,388856.5,7.157338246885419
HALLE BOUJDOUR,POISSON BLANC,2025,5,712092.0,20.615483827932348
HALLE LARACHE,POISSON BLANC,2025,5,83291.79999999999,57.47732681968694
HALLE JEBHA,CEPHALOPODES,2025,5,4172.0,22.866730584851393
HALLE SIDIIFNI,POISSON PELAGIQUE,2025,5,373667.0,3.829311873941237
MG TANGER,POISSON PELAGIQUE,2025,5,964872.0,4.328183842001841
HALLE LABOUIRDA,POISSON PELAGIQUE,2025,5,17215.5,8.836542650518428
MG BENIMELLAL,CEPHALOPODES,2025,5,96.0,7.0
HALLE FNIDEQ,POISSON BLANC,2025,5,520.0,71.50961538461539
MG INZEGANE,CEPHALOPODES,2025,5,2790.0,16.025806451612905
CAPI TARFAYA,POISSON PELAGIQUE,2025,5,9814139.0,4.685575139092691
HALLE M'DIQ,CEPHALOPODES,2025,5,20880.0,33.01221264367816
HALLE ESSAOUIRA,CEPHALOPODES,2025,5,58088.0,39.81947218014047
HALLE NTIREFT,POISSON BLANC,2025,5,2583237.25,2.3139845169079996
HALLE GREZIME,CEPHALOPODES,2025,5,1.5,36.666666666666664
HALLE MEHDIA,POISSON PELAGIQUE,2025,5,3517955.0,2.7394295833801174
CAPI DAKHLA,POISSON PELAGIQUE,2025,5,50305825.0,3.512205145229206
HALLE DAKHLA,CRUSTACES,2025,5,16330.5,169.93478460549278
HALLE NADOR,CRUSTACES,2025,5,65956.5,66.19256631264545
CAPI ESSAOUIRA,POISSON PELAGIQUE,2025,5,1212528.0,2.8620889579457134
MG TAZA,POISSON BLANC,2025,5,14789.0,8.201027790925687
HALLE IMIOUADDAR,POISSON PELAGIQUE,2025,5,1502.0,12.06225033288948
HALLE EL JADIDA,POISSON PELAGIQUE,2025,5,60769.0,5.606394707828004
MG OUJDA,POISSON BLANC,2025,5,40904.0,7.32841531390573
HALLE SIDIBOULFDAIL,POISSON PELAGIQUE,2025,5,70.5,12.03021276595745
CAPI SIDIIFNI,POISSON PELAGIQUE,2025,5,4761414.0,3.855449788655219
HALLE SAFI,POISSON BLANC,2025,5,117507.90000000001,49.80579305731785
HALLE AMTAR,CEPHALOPODES,2025,5,690.0,48.31304347826087
MG MARRAKECH,POISSON BLANC,2025,5,306281.0,7.229315563159322
HALLE TARFAYA,CEPHALOPODES,2025,5,45419.0,34.15121953367534
MG MEKNES,CEPHALOPODES,2025,5,1735.0,20.835734870317
HALLE TIFNIT,POISSON BLANC,2025,5,2058.0,38.781093294460646
HALLE CHMAALA,POISSON BLANC,2025,5,773.0,46.84346701164295
HALLE IMOUTLAN,CEPHALOPODES,2025,5,24092.0,104.37906774032874
HALLE TANGER,POISSON PELAGIQUE,2025,5,633955.0,46.85920924986789
HALLE LASSARGA,POISSON BLANC,2025,5,490137.0,4.737658042547288
HALLE SOUIRIA KDIMA,POISSON PELAGIQUE,2025,5,336.5,19.69367013372957
HALLE AGLOU,POISSON BLANC,2025,5,2078.5,38.050093817656965
HALLE MOHAMMEDIA,CRUSTACES,2025,5,10.0,179.0
HALLE RAS KABDANA,CEPHALOPODES,2025,5,48.0,130.0
MG TETOUAN,POISSON PELAGIQUE,2025,5,583395.0,4.3873660555884095
HALLE LMHIRIZ,CRUSTACES,2025,5,40262.0,88.61509612041131
HALLE MY BOUSSELHAM,POISSON BLANC,2025,5,6975.0,50.0
HALLE SIDIELGHAZI,CEPHALOPODES,2025,5,6637.5,101.59645951035782
CAPI TANTAN,POISSON PELAGIQUE,2025,5,6628148.0,3.4860912490185796
HALLE AL HOCEIMA,POISSON PELAGIQUE,2025,5,64482.0,38.941898514314076
CAPI LAAYOUNE,POISSON PELAGIQUE,2025,5,3481806.0,6.069282289133858
HALLE IMESSOUANE,POISSON BLANC,2025,5,51446.5,34.152896115382
HALLE KAA ASRAS,POISSON BLANC,2025,5,420.0,33.333333333333336
HALLE SIDI ABED,CEPHALOPODES,2025,5,112.0,35.0
HALLE TAFEDNA,CEPHALOPODES,2025,5,160.0,60.140625
HALLE ASSILAH,POISSON BLANC,2025,5,560.0,61.07142857142857
CAPI SAFI,POISSON PELAGIQUE,2025,5,5459246.0,3.042734710983898
HALLE KSARSGHIR,POISSON BLANC,2025,5,505.0,121.95247524752475
CAPI AGADIR,POISSON PELAGIQUE,2025,6,1144308.0,3.954978554724777
HALLE LAKRAA,POISSON PELAGIQUE,2025,6,18.0,2.777777777777778
HALLE TANTAN,POISSON PELAGIQUE,2025,6,131850.5,7.697240435189855
MG RABAT,POISSON PELAGIQUE,2025,6,21217.0,3.9531979073384553
HALLE TAGHAZOUT,CEPHALOPODES,2025,6,17.0,96.8235294117647
MG CASABLANCA,CRUSTACES,2025,6,77287.0,11.500938062028542
HALLE CASABLANCA,POISSON PELAGIQUE,2025,6,702600.0,4.934491004839169
HALLE AGADIR,CRUSTACES,2025,6,53249.1,43.510806755419345
HALLE LAAYOUNE,POISSON PELAGIQUE,2025,6,200608.25,5.796790510858851
HALLE TARGHA,COQUILLAGES,2025,6,91961.0,6.860799686823762
HALLE BOUJDOUR,POISSON BLANC,2025,6,250512.5,35.90580122748366
HALLE LARACHE,POISSON BLANC,2025,6,43019.6,58.297148741503875
HALLE JEBHA,CEPHALOPODES,2025,6,615.0,30.772357723577237
HALLE SIDIIFNI,POISSON PELAGIQUE,2025,6,304863.0,3.4789412293390805
MG TANGER,POISSON PELAGIQUE,2025,6,655845.0,4.161140970808652
HALLE LABOUIRDA,POISSON PELAGIQUE,2025,6,181.5,10.716253443526172
MG BENIMELLAL,CEPHALOPODES,2025,6,32.0,7.0
HALLE FNIDEQ,POISSON BLANC,2025,6,439.0,74.35763097949886
CAPI BOUJDOUR,POISSON PELAGIQUE,2025,6,659850.0,3.6854230052284613
MG INZEGANE,CEPHALOPODES,2025,6,1522.0,16.153745072273324
CAPI TARFAYA,POISSON PELAGIQUE,2025,6,85171.0,3.0270000352232564
HALLE M'DIQ,CEPHALOPODES,2025,6,5679.0,43.49533368550801
HALLE ESSAOUIRA,CEPHALOPODES,2025,6,22768.5,44.7279719788304
HALLE NTIREFT,POISSON BLANC,2025,6,1186769.0,2.2535893674337633
HALLE GREZIME,CEPHALOPODES,2025,6,51.5,78.15533980582525
HALLE MEHDIA,POISSON PELAGIQUE,2025,6,2948687.0,2.9049302282677
CAPI DAKHLA,POISSON PELAGIQUE,2025,6,22266706.0,2.832090256187871
HALLE DAKHLA,CRUSTACES,2025,6,12510.0,189.20863309352518
HALLE NADOR,CRUSTACES,2025,6,51553.0,59.14107811378582
CAPI ESSAOUIRA,POISSON PELAGIQUE,2025,6,1179066.0,3.225824254113001
MG TAZA,POISSON BLANC,2025,6,4255.0,7.512338425381904
HALLE EL JADIDA,POISSON PELAGIQUE,2025,6,136550.0,3.0251922372757227
MG OUJDA,POISSON BLANC,2025,6,14079.0,7.707081468854321
HALLE SIDIBOULFDAIL,POISSON PELAGIQUE,2025,6,8642.5,3.995441133931154
CAPI SIDIIFNI,POISSON PELAGIQUE,2025,6,2285016.0,3.3240216698701452
HALLE SAFI,POISSON BLANC,2025,6,71254.8,62.534649876218865
MG MARRAKECH,POISSON BLANC,2025,6,94436.0,7.370811978482782
HALLE TARFAYA,CEPHALOPODES,2025,6,74054.0,23.31877413779134
MG MEKNES,CEPHALOPODES,2025,6,490.0,23.775510204081634
HALLE TIFNIT,POISSON BLANC,2025,6,2261.5,41.35330532832191
HALLE CHMAALA,POISSON BLANC,2025,6,439.0,54.66970387243736
HALLE IMOUTLAN,CEPHALOPODES,2025,6,20357.0,94.11460431301273
HALLE TANGER,POISSON PELAGIQUE,2025,6,260596.0,38.180275215275756
HALLE LASSARGA,POISSON BLANC,2025,6,403840.0,2.3642667888272584
HALLE SOUIRIA KDIMA,POISSON PELAGIQUE,2025,6,429.0,8.104871794871794
HALLE AGLOU,POISSON BLANC,2025,6,2648.0,37.24184290030211
HALLE MOHAMMEDIA,CRUSTACES,2025,6,12.5,276.0
HALLE RAS KABDANA,CEPHALOPODES,2025,6,98.0,124.89795918367346
MG TETOUAN,POISSON PELAGIQUE,2025,6,451283.0,4.2810024973242955
HALLE MY BOUSSELHAM,POISSON BLANC,2025,6,8143.000000000001,49.99999999999999
HALLE SIDIELGHAZI,CEPHALOPODES,2025,6,2537.5,113.62522167487685
CAPI TANTAN,POISSON PELAGIQUE,2025,6,3581631.0,3.0755406461469645
HALLE AL HOCEIMA,POISSON PELAGIQUE,2025,6,41223.0,22.226900031535795
HALLE DALIA,POISSON BLANC,2025,6,5.0,40.0
CAPI LAAYOUNE,POISSON PELAGIQUE,2025,6,18559212.0,3.1239309890958733
HALLE IMESSOUANE,POISSON BLANC,2025,6,35388.0,34.95154402622358
HALLE KAA ASRAS,POISSON BLANC,2025,6,220.0,38.86363636363637
HALLE TAFEDNA,CEPHALOPODES,2025,6,61.0,56.114754098360656
HALLE ASSILAH,POISSON BLANC,2025,6,2189.0,70.50205573321152
CAPI SAFI,POISSON PELAGIQUE,2025,6,5214658.0,3.126855701754554
HALLE KSARSGHIR,POISSON BLANC,2025,6,250.0,47.764
HALLE JORF AL ASFAR,ALGUES,2025,7,2157495.0,3.0
CAPI AGADIR,POISSON PELAGIQUE,2025,7,5140222.0,3.0984739375069794
HALLE LAKRAA,POISSON PELAGIQUE,2025,7,638.0,4.484905956112852
HALLE TANTAN,POISSON PELAGIQUE,2025,7,386637.0,10.205617931030915
MG RABAT,POISSON PELAGIQUE,2025,7,32158.0,4.118247403445487
HALLE TAGHAZOUT,CEPHALOPODES,2025,7,15412.5,108.4849310624493
HALLE LACRAA(CAP 7),COQUILLAGES,2025,7,3130.0,7.0
MG CASABLANCA,CRUSTACES,2025,7,80986.0,13.584144173066951
HALLE CASABLANCA,POISSON PELAGIQUE,2025,7,182463.0,5.4668507587839725
HALLE AGADIR,CRUSTACES,2025,7,32597.4,48.11061986538804
HALLE LAAYOUNE,POISSON PELAGIQUE,2025,7,390016.6,8.261531688651202
HALLE TARGHA,COQUILLAGES,2025,7,43041.0,9.050417044213658
HALLE BOUJDOUR,POISSON BLANC,2025,7,422571.5,34.42028738331856
HALLE LARACHE,POISSON BLANC,2025,7,61779.899999999994,67.08524924773268
HALLE JEBHA,CEPHALOPODES,2025,7,33066.0,57.88045121877457
HALLE SIDIIFNI,POISSON PELAGIQUE,2025,7,213455.0,6.608211847930477
MG TANGER,POISSON PELAGIQUE,2025,7,993817.0,4.104461384741859
HALLE LABOUIRDA,POISSON PELAGIQUE,2025,7,3333.5,9.460026998650068
MG BENIMELLAL,CEPHALOPODES,2025,7,16.0,7.0
HALLE FNIDEQ,POISSON BLANC,2025,7,16.0,56.875
CAPI BOUJDOUR,POISSON PELAGIQUE,2025,7,6169318.0,3.7308365916621575
MG INZEGANE,CEPHALOPODES,2025,7,3708.0,16.99514563106796
HALLE M'DIQ,CEPHALOPODES,2025,7,67343.0,78.01338669200956
HALLE ESSAOUIRA,CEPHALOPODES,2025,7,196787.0,103.01350963224196
HALLE NTIREFT,POISSON BLANC,2025,7,1208483.5,3.0017008920684476
HALLE GREZIME,CEPHALOPODES,2025,7,767.5,86.9185667752443
HALLE MEHDIA,POISSON PELAGIQUE,2025,7,2108273.0,3.8008834719222793
HALLE SALE,CEPHALOPODES,2025,7,50167.0,128.12599916279626
CAPI DAKHLA,POISSON PELAGIQUE,2025,7,48579201.0,2.893589267555059
HALLE DAKHLA,CRUSTACES,2025,7,17077.5,200.0
HALLE NADOR,CRUSTACES,2025,7,54874.5,67.66403338527003
CAPI ESSAOUIRA,POISSON PELAGIQUE,2025,7,926618.0,3.1857043571353025
MG TAZA,POISSON BLANC,2025,7,8785.0,8.317586795674444
HALLE EL JADIDA,POISSON PELAGIQUE,2025,7,119805.0,4.9208714160510825
MG OUJDA,POISSON BLANC,2025,7,34159.0,8.050147838051465
HALLE SIDIBOULFDAIL,POISSON PELAGIQUE,2025,7,1044.0,3.8840996168582373
CAPI SIDIIFNI,POISSON PELAGIQUE,2025,7,31272.0,3.589904707086211
HALLE SAFI,POISSON BLANC,2025,7,85617.09999999999,67.50498755505618
HALLE AMTAR,CEPHALOPODES,2025,7,3527.5,96.28249468462084
MG MARRAKECH,POISSON BLANC,2025,7,202157.0,7.337965046968445
HALLE TARFAYA,CEPHALOPODES,2025,7,344947.0,90.76264571079035
MG MEKNES,CEPHALOPODES,2025,7,320.0,22.8125
HALLE TIFNIT,POISSON BLANC,2025,7,1494.0,45.984939759036145
HALLE IMOUTLAN,CEPHALOPODES,2025,7,177818.0,110.44445725404627
HALLE INOUARN,CEPHALOPODES,2025,7,4856.0,71.5548805601318
HALLE TANGER,POISSON PELAGIQUE,2025,7,163773.0,31.141293131346437
HALLE LASSARGA,POISSON BLANC,2025,7,563998.0,4.139814325582715
HALLE SOUIRIA KDIMA,POISSON PELAGIQUE,2025,7,677.0,6.83069423929099
HALLE OUED LAOU,CEPHALOPODES,2025,7,19025.0,103.91655716162944
HALLE AGLOU,POISSON BLANC,2025,7,917.0,43.60874591057797
HALLE MOHAMMEDIA,CRUSTACES,2025,7,6.0,229.99999999999997
HALLE RAS KABDANA,CEPHALOPODES,2025,7,27309.0,73.7284228642572
MG TETOUAN,POISSON PELAGIQUE,2025,7,730158.0,4.301458766458766
HALLE LAHDIDA,CEPHALOPODES,2025,7,43167.5,92.66112237215499
HALLE SIDIELGHAZI,CEPHALOPODES,2025,7,103999.5,102.74914783244151
HALLE CALAIRIS,CEPHALOPODES,2025,7,35206.0,71.33018519570527
CAPI TANTAN,POISSON PELAGIQUE,2025,7,5797779.0,3.0467856725825526
HALLE AL HOCEIMA,POISSON PELAGIQUE,2025,7,34030.5,21.78677950661906
HALLE DALIA,POISSON BLANC,2025,7,175.0,39.34285714285714
CAPI LAAYOUNE,POISSON PELAGIQUE,2025,7,29038547.0,3.3940180994593154
HALLE IMESSOUANE,POISSON BLANC,2025,7,31787.0,38.355510428791646
HALLE KAA ASRAS,POISSON BLANC,2025,7,105.0,33.714285714285715
HALLE TAROUMA,CEPHALOPODES,2025,7,153900.5,90.75666095951605
HALLE TAFEDNA,CEPHALOPODES,2025,7,32801.0,101.75913844090118
HALLE ASSILAH,POISSON BLANC,2025,7,727.0,88.08803301237965
CAPI SAFI,POISSON PELAGIQUE,2025,7,6782688.0,3.3945292043508415
HALLE BHIBEH,CEPHALOPODES,2025,7,114017.0,95.77984423375463
HALLE RKOUNT,CEPHALOPODES,2025,7,2308.5,74.06108295429932
HALLE AMEGRIOU,ALGUES,2025,7,312500.0,3.0
HALLE SIDIHSAINE,CEPHALOPODES,2025,7,12062.0,75.0
HALLE JORF AL ASFAR,ALGUES,2025,8,5507329.0,3.0000000000000004
CAPI AGADIR,POISSON PELAGIQUE,2025,8,4220321.0,2.683518789210584
HALLE LAKRAA,POISSON PELAGIQUE,2025,8,9866.5,5.9847757563472355
HALLE TANTAN,POISSON PELAGIQUE,2025,8,712472.49,11.387107732398201
MG RABAT,POISSON PELAGIQUE,2025,8,32405.0,4.080487579077302
HALLE TAGHAZOUT,CEPHALOPODES,2025,8,12341.5,114.35611554511202
HALLE LACRAA(CAP 7),COQUILLAGES,2025,8,4933.0,7.0
MG CASABLANCA,CRUSTACES,2025,8,115527.0,10.972377020090542
HALLE CASABLANCA,POISSON PELAGIQUE,2025,8,152825.0,2.7235043350237205
HALLE AGADIR,CRUSTACES,2025,8,16517.2,64.44178190007992
HALLE LAAYOUNE,POISSON PELAGIQUE,2025,8,1441162.7000000002,11.432538831320015
HALLE TARGHA,COQUILLAGES,2025,8,26611.5,10.025740751179002
HALLE BOUJDOUR,POISSON BLANC,2025,8,249861.5,42.21458740142038
HALLE LARACHE,POISSON BLANC,2025,8,49575.130000000005,75.05477040604835
HALLE JEBHA,CEPHALOPODES,2025,8,19266.0,55.90441710785841
HALLE SIDIIFNI,POISSON PELAGIQUE,2025,8,254382.5,5.248445510206087
MG TANGER,POISSON PELAGIQUE,2025,8,1028612.0000000001,4.093525352611091
HALLE LABOUIRDA,POISSON PELAGIQUE,2025,8,5160.0,9.95765503875969
MG BENIMELLAL,CEPHALOPODES,2025,8,48.0,7.0
HALLE FNIDEQ,POISSON BLANC,2025,8,136.0,65.2205882352941
CAPI BOUJDOUR,POISSON PELAGIQUE,2025,8,11427516.0,3.450074118469841
MG INZEGANE,CEPHALOPODES,2025,8,5994.0,16.72972972972973
HALLE MARTIL,ALGUES,2025,8,250.0,20.0
CAPI TARFAYA,POISSON PELAGIQUE,2025,8,238603.0,5.950480672916937
HALLE M'DIQ,CEPHALOPODES,2025,8,23320.5,70.92984713020734
HALLE ESSAOUIRA,CEPHALOPODES,2025,8,138703.5,109.06604966709564
HALLE NTIREFT,POISSON BLANC,2025,8,2806508.5,2.3578980786981405
HALLE GREZIME,CEPHALOPODES,2025,8,1483.5,94.00405123019884
HALLE MEHDIA,POISSON PELAGIQUE,2025,8,583211.0,2.476136424038641
HALLE SALE,CEPHALOPODES,2025,8,26025.0,120.84954851104708
CAPI DAKHLA,POISSON PELAGIQUE,2025,8,45169171.0,2.3823167775206677
HALLE DAKHLA,CRUSTACES,2025,8,13403.0,200.0
HALLE NADOR,CRUSTACES,2025,8,59054.5,68.09591140387269
CAPI ESSAOUIRA,POISSON PELAGIQUE,2025,8,780843.0,3.2214547610723288
MG TAZA,POISSON BLANC,2025,8,13382.0,8.349648781945898
HALLE EL JADIDA,POISSON PELAGIQUE,2025,8,98380.0,5.095686521650743
MG OUJDA,POISSON BLANC,2025,8,34223.0,8.374514215586009
HALLE SIDIBOULFDAIL,POISSON PELAGIQUE,2025,8,42.5,19.058823529411764
CAPI SIDIIFNI,POISSON PELAGIQUE,2025,8,146722.0,3.6732276004961766
HALLE SAFI,POISSON BLANC,2025,8,90790.7,67.6764156460959
HALLE AMTAR,CEPHALOPODES,2025,8,934.5,85.26752273943286
MG MARRAKECH,POISSON BLANC,2025,8,177770.0,7.0497890532710805
HALLE TARFAYA,CEPHALOPODES,2025,8,310072.5,89.33560189955575
MG MEKNES,CEPHALOPODES,2025,8,643.0,23.950233281493002
HALLE TIFNIT,POISSON BLANC,2025,8,460.0,43.65217391304347
HALLE CHMAALA,POISSON BLANC,2025,8,313.0,59.90415335463259
HALLE IMOUTLAN,CEPHALOPODES,2025,8,49746.0,95.37833192618501
HALLE INOUARN,CEPHALOPODES,2025,8,5141.5,68.51872021783527
HALLE TANGER,POISSON PELAGIQUE,2025,8,93789.0,20.162844256789178
HALLE LASSARGA,POISSON BLANC,2025,8,589804.5,3.680330516298197
HALLE SOUIRIA KDIMA,POISSON PELAGIQUE,2025,8,54.0,3.1481481481481484
HALLE OUED LAOU,CEPHALOPODES,2025,8,5392.0,83.2531528189911
HALLE AGLOU,POISSON BLANC,2025,8,966.5,50.93900672529747
HALLE RAS KABDANA,CEPHALOPODES,2025,8,26499.0,76.61474017887467
MG TETOUAN,POISSON PELAGIQUE,2025,8,743843.0,4.374423796419406
HALLE MY BOUSSELHAM,POISSON BLANC,2025,8,102.0,50.0
HALLE LAHDIDA,CEPHALOPODES,2025,8,60604.0,93.04230743845291
HALLE SIDIELGHAZI,CEPHALOPODES,2025,8,52513.5,101.9721309758443
HALLE CALAIRIS,CEPHALOPODES,2025,8,14535.5,77.83595335557771
CAPI TANTAN,POISSON PELAGIQUE,2025,8,5891512.0,4.94482848375765
HALLE AL HOCEIMA,POISSON PELAGIQUE,2025,8,31143.0,16.596024788877116
CAPI LAAYOUNE,POISSON PELAGIQUE,2025,8,40419585.0,3.068525100146377
HALLE IMESSOUANE,POISSON BLANC,2025,8,28504.0,39.02752315464497
HALLE KAA ASRAS,POISSON BLANC,2025,8,206.0,50.97087378640777
HALLE SIDI ABED,CEPHALOPODES,2025,8,7240.0,87.30925414364641
HALLE TAROUMA,CEPHALOPODES,2025,8,56900.0,90.11862917398946
HALLE TAFEDNA,CEPHALOPODES,2025,8,35442.5,97.37116456231924
HALLE ASSILAH,POISSON BLANC,2025,8,120.0,91.66666666666667
CAPI SAFI,POISSON PELAGIQUE,2025,8,7013886.0,3.0644978689416966
HALLE BHIBEH,CEPHALOPODES,2025,8,69312.0,88.8835483033241
HALLE RKOUNT,CEPHALOPODES,2025,8,4904.5,75.52452033846468
HALLE BOUZNIKA,ALGUES,2025,8,23581.0,3.0
HALLE KSARSGHIR,POISSON BLANC,2025,8,263.0,111.86311787072243
HALLE BELYOUNECH,POISSON PELAGIQUE,2025,8,329.0,41.24012158054711
HALLE SIDIHSAINE,CEPHALOPODES,2025,8,23729.0,75.0
HALLE JORF AL ASFAR,ALGUES,2025,9,523926.00000000006,3.0
CAPI AGADIR,POISSON PELAGIQUE,2025,9,1565390.0,2.7527033518803616
HALLE LAKRAA,POISSON PELAGIQUE,2025,9,48957.0,6.338336703637886
HALLE TANTAN,POISSON PELAGIQUE,2025,9,502042.5,11.512473545566362
MG RABAT,POISSON PELAGIQUE,2025,9,32855.0,4.002066656521078
HALLE TAGHAZOUT,CEPHALOPODES,2025,9,3124.0,122.16357234314981
HALLE LACRAA(CAP 7),COQUILLAGES,2025,9,4782.0,6.999999999999999
MG CASABLANCA,CRUSTACES,2025,9,117772.0,10.828244404442481
HALLE CASABLANCA,POISSON PELAGIQUE,2025,9,66087.0,8.909533191096584
HALLE AGADIR,CRUSTACES,2025,9,26906.1,57.282958139604034
HALLE LAAYOUNE,POISSON PELAGIQUE,2025,9,1867845.7000000002,10.94369769408683
HALLE TARGHA,COQUILLAGES,2025,9,24033.0,9.972537760579202
HALLE BOUJDOUR,POISSON BLANC,2025,9,302523.0,30.018964938203045
HALLE LARACHE,POISSON BLANC,2025,9,33569.77,70.405605996109
HALLE JEBHA,CEPHALOPODES,2025,9,4280.0,59.64170560747663
HALLE SIDIIFNI,POISSON PELAGIQUE,2025,9,276846.0,6.611822962946909
MG TANGER,POISSON PELAGIQUE,2025,9,858417.0,4.234947234269591
HALLE LABOUIRDA,POISSON PELAGIQUE,2025,9,3007.5,8.756940980881131
MG BENIMELLAL,CEPHALOPODES,2025,9,48.0,7.0
HALLE FNIDEQ,POISSON BLANC,2025,9,257.0,64.90272373540856
CAPI BOUJDOUR,POISSON PELAGIQUE,2025,9,9295081.0,3.5469023422173516
MG INZEGANE,CEPHALOPODES,2025,9,3726.0,16.0
HALLE MARTIL,ALGUES,2025,9,3700.0,20.0
CAPI TARFAYA,POISSON PELAGIQUE,2025,9,174588.0,7.554436731046808
HALLE M'DIQ,CEPHALOPODES,2025,9,11058.0,59.206502079942126
HALLE ESSAOUIRA,CEPHALOPODES,2025,9,58739.049999999996,61.44807415169296
HALLE NTIREFT,POISSON BLANC,2025,9,2935347.5,1.887500031938297
HALLE GREZIME,CEPHALOPODES,2025,9,313.5,97.001658692185
HALLE MEHDIA,POISSON PELAGIQUE,2025,9,982631.0,2.656227006882543
HALLE SALE,CEPHALOPODES,2025,9,17053.5,92.84918052012783
CAPI DAKHLA,POISSON PELAGIQUE,2025,9,37127411.0,2.326292571275708
HALLE DAKHLA,CRUSTACES,2025,9,24537.0,183.27423890451155
HALLE NADOR,CRUSTACES,2025,9,59885.0,58.0355681723303
CAPI ESSAOUIRA,POISSON PELAGIQUE,2025,9,623271.0,3.1417957838564607
MG TAZA,POISSON BLANC,2025,9,11902.0,8.55192404637876
HALLE IMIOUADDAR,POISSON PELAGIQUE,2025,9,7004.0,3.0000000000000004
HALLE EL JADIDA,POISSON PELAGIQUE,2025,9,187937.5,4.494717658796143
MG OUJDA,POISSON BLANC,2025,9,37960.5,8.876516378867507
HALLE SIDIBOULFDAIL,POISSON PELAGIQUE,2025,9,17.0,15.0
CAPI SIDIIFNI,POISSON PELAGIQUE,2025,9,12610.0,3.1999999999999997
HALLE SAFI,POISSON BLANC,2025,9,60628.0,64.98040047502803
HALLE AMTAR,CEPHALOPODES,2025,9,588.0,74.93197278911565
MG MARRAKECH,POISSON BLANC,2025,9,235070.0,6.928374526736717
HALLE TARFAYA,CEPHALOPODES,2025,9,175957.0,79.46633512733224
MG MEKNES,CEPHALOPODES,2025,9,423.0,20.803782505910167
HALLE TIFNIT,POISSON BLANC,2025,9,122.0,32.852459016393446
HALLE CHMAALA,POISSON BLANC,2025,9,211.0,61.61137440758294
HALLE IMOUTLAN,CEPHALOPODES,2025,9,6410.0,93.19141965678627
HALLE INOUARN,CEPHALOPODES,2025,9,3456.0,68.58391203703704
HALLE TANGER,POISSON PELAGIQUE,2025,9,50665.5,32.95770297342373
HALLE LASSARGA,POISSON BLANC,2025,9,1566329.0,2.023743415336114
HALLE SOUIRIA KDIMA,POISSON PELAGIQUE,2025,9,927.5,9.92679245283019
HALLE OUED LAOU,CEPHALOPODES,2025,9,3623.0,78.43389456251724
HALLE AGLOU,POISSON BLANC,2025,9,135.0,49.67407407407407
HALLE RAS KABDANA,CEPHALOPODES,2025,9,21160.5,75.28073533234092
MG TETOUAN,POISSON PELAGIQUE,2025,9,723902.0,4.290257990722501
HALLE LMHIRIZ,CRUSTACES,2025,9,112938.5,89.72359292889492
HALLE MY BOUSSELHAM,POISSON BLANC,2025,9,216.0,50.00000000000001
HALLE LAHDIDA,CEPHALOPODES,2025,9,35660.0,90.88659562535054
HALLE SIDIELGHAZI,CEPHALOPODES,2025,9,24508.5,99.08268559887385
HALLE CALAIRIS,CEPHALOPODES,2025,9,11323.5,75.51640393871153
CAPI TANTAN,POISSON PELAGIQUE,2025,9,7467220.0,2.9930218836461226
HALLE AL HOCEIMA,POISSON PELAGIQUE,2025,9,41208.5,31.515912979118387
HALLE DALIA,POISSON BLANC,2025,9,61.0,64.42622950819673
CAPI LAAYOUNE,POISSON PELAGIQUE,2025,9,34353088.0,3.092136840507613
HALLE IMESSOUANE,POISSON BLANC,2025,9,34597.5,34.5612688778091
HALLE KAA ASRAS,POISSON BLANC,2025,9,135.0,33.33333333333333
HALLE TAROUMA,CEPHALOPODES,2025,9,24150.0,88.77639751552795
HALLE TAFEDNA,CEPHALOPODES,2025,9,13326.5,90.62623344464038
HALLE ASSILAH,POISSON BLANC,2025,9,49.0,55.95918367346938
CAPI SAFI,POISSON PELAGIQUE,2025,9,5920938.0,3.0562268849969376
HALLE BHIBEH,CEPHALOPODES,2025,9,7630.5,79.3063364130791
HALLE RKOUNT,CEPHALOPODES,2025,9,700.5,73.8757744468237
HALLE BOUZNIKA,ALGUES,2025,9,45008.0,3.0
HALLE KSARSGHIR,POISSON BLANC,2025,9,20.0,50.0
HALLE AMEGRIOU,ALGUES,2025,9,156250.0,3.0
HALLE BELYOUNECH,POISSON PELAGIQUE,2025,9,11389.0,48.837211344279574
HALLE SIDIHSAINE,CEPHALOPODES,2025,9,14412.0,76.68359700249792
HALLE JORF AL ASFAR,ALGUES,2025,10,760711.0,2.9999999999999996
CAPI AGADIR,POISSON PELAGIQUE,2025,10,2976240.0,3.571125211676478
HALLE LAKRAA,POISSON PELAGIQUE,2025,10,39977.5,7.476762178725534
HALLE TANTAN,POISSON PELAGIQUE,2025,10,495877.0,10.515473595266569
MG RABAT,POISSON PELAGIQUE,2025,10,36451.0,4.1541713533236395
HALLE LACRAA(CAP 7),COQUILLAGES,2025,10,3228.0,7.0
MG CASABLANCA,CRUSTACES,2025,10,110663.0,10.63590721379323
HALLE CASABLANCA,POISSON PELAGIQUE,2025,10,456806.0,5.813310902221074
HALLE AGADIR,CRUSTACES,2025,10,41706.200000000004,45.959257616373584
HALLE LAAYOUNE,POISSON PELAGIQUE,2025,10,761170.7,11.50204481071066
HALLE TARGHA,COQUILLAGES,2025,10,19883.0,10.000000000000002
HALLE BOUJDOUR,POISSON BLANC,2025,10,578239.5,24.22325221642589
HALLE LARACHE,POISSON BLANC,2025,10,30984.8,67.02738116754021
HALLE JEBHA,CEPHALOPODES,2025,10,1595.0,51.58620689655172
HALLE SIDIIFNI,POISSON PELAGIQUE,2025,10,588899.5,5.522520531941359
MG TANGER,POISSON PELAGIQUE,2025,10,1357721.0,4.168601723034408
HALLE LABOUIRDA,POISSON PELAGIQUE,2025,10,12035.5,9.834406547297577
MG BENIMELLAL,CEPHALOPODES,2025,10,32.0,7.0
HALLE FNIDEQ,POISSON BLANC,2025,10,150.0,59.400000000000006
CAPI BOUJDOUR,POISSON PELAGIQUE,2025,10,10707127.0,4.226914967012159
MG INZEGANE,CEPHALOPODES,2025,10,2700.0,16.36
HALLE MARTIL,ALGUES,2025,10,630.0,20.0
CAPI TARFAYA,POISSON PELAGIQUE,2025,10,138591.0,7.541885836742645
HALLE M'DIQ,CEPHALOPODES,2025,10,3160.0,41.268987341772146
HALLE ESSAOUIRA,CEPHALOPODES,2025,10,50458.5,140.1221266981777
HALLE NTIREFT,POISSON BLANC,2025,10,1057605.0,2.1060277702923114
HALLE MEHDIA,POISSON PELAGIQUE,2025,10,424825.5,7.154213906651084
CAPI DAKHLA,POISSON PELAGIQUE,2025,10,40598609.0,2.3751320741062827
HALLE NADOR,CRUSTACES,2025,10,64063.50000000001,55.68662342831721
CAPI ESSAOUIRA,POISSON PELAGIQUE,2025,10,1144863.0,3.1404052711983876
MG TAZA,POISSON BLANC,2025,10,13998.0,8.366552364623518
HALLE IMIOUADDAR,POISSON PELAGIQUE,2025,10,37032.0,3.0000000000000004
HALLE EL JADIDA,POISSON PELAGIQUE,2025,10,911235.5,4.2748257612878335
MG OUJDA,POISSON BLANC,2025,10,36834.0,8.823804094043547
HALLE SIDIBOULFDAIL,POISSON PELAGIQUE,2025,10,5.0,7.000000000000001
CAPI SIDIIFNI,POISSON PELAGIQUE,2025,10,1833799.0,3.680455218919849
HALLE SAFI,POISSON BLANC,2025,10,111512.5,46.94345118260285
MG MARRAKECH,POISSON BLANC,2025,10,230256.0,7.187009241887291
HALLE TARFAYA,CEPHALOPODES,2025,10,55485.5,61.468899622423876
MG MEKNES,CEPHALOPODES,2025,10,325.0,20.0
HALLE TIFNIT,POISSON BLANC,2025,10,497.0,39.18760563380282
HALLE CHMAALA,POISSON BLANC,2025,10,797.0,39.17816813048933
HALLE IMOUTLAN,CEPHALOPODES,2025,10,5400.5,109.42690491621147
HALLE TANGER,POISSON PELAGIQUE,2025,10,67922.0,12.009834810517948
HALLE LASSARGA,POISSON BLANC,2025,10,1571908.5,4.353041541540109
HALLE SOUIRIA KDIMA,POISSON PELAGIQUE,2025,10,2464.5,9.737674984783931
HALLE AGLOU,POISSON BLANC,2025,10,569.0,26.295254833040424
HALLE RAS KABDANA,CEPHALOPODES,2025,10,10.0,200.0
MG TETOUAN,POISSON PELAGIQUE,2025,10,991794.0,4.262664242776222
HALLE LMHIRIZ,CRUSTACES,2025,10,92416.0,83.29037179709142
HALLE MY BOUSSELHAM,POISSON BLANC,2025,10,3048.0,49.9015748031496
HALLE SIDIELGHAZI,CEPHALOPODES,2025,10,38386.0,99.08701088938675
CAPI TANTAN,POISSON PELAGIQUE,2025,10,9067000.0,3.1729508679827947
HALLE AL HOCEIMA,POISSON PELAGIQUE,2025,10,9998.5,19.83447517127569
HALLE DALIA,POISSON BLANC,2025,10,5.0,40.0
CAPI LAAYOUNE,POISSON PELAGIQUE,2025,10,22131400.0,3.802634133855065
HALLE IMESSOUANE,POISSON BLANC,2025,10,66512.5,36.15349671114452
HALLE SIDI ABED,CEPHALOPODES,2025,10,340.0,35.0
HALLE TAFEDNA,CEPHALOPODES,2025,10,545.0,87.82477064220183
HALLE ASSILAH,POISSON BLANC,2025,10,239.0,77.65271966527197
CAPI SAFI,POISSON PELAGIQUE,2025,10,4076420.0,2.9346154468872196
HALLE BOUZNIKA,ALGUES,2025,10,23570.0,2.9999999999999996
HALLE KSARSGHIR,POISSON BLANC,2025,10,497.0,119.11066398390342
HALLE AMEGRIOU,ALGUES,2025,10,62500.0,3.0
HALLE BELYOUNECH,POISSON PELAGIQUE,2025,10,2469.0,30.0
HALLE JORF AL ASFAR,ALGUES,2025,11,365046.0,3.0
CAPI AGADIR,POISSON PELAGIQUE,2025,11,1937641.0,4.846982180909673
HALLE LAKRAA,POISSON PELAGIQUE,2025,11,7776.5,7.702178357873079
HALLE TANTAN,POISSON PELAGIQUE,2025,11,414624.5,10.5940182020117
MG RABAT,POISSON PELAGIQUE,2025,11,41629.0,3.931965696990079
HALLE LACRAA(CAP 7),COQUILLAGES,2025,11,6193.0,7.0
MG CASABLANCA,CRUSTACES,2025,11,172398.0,10.257456583023005
HALLE CASABLANCA,POISSON PELAGIQUE,2025,11,573336.5,8.926431807498739
HALLE AGADIR,CRUSTACES,2025,11,32038.4,49.14064091839792
HALLE LAAYOUNE,POISSON PELAGIQUE,2025,11,182943.6,9.84219529953494
HALLE TARGHA,COQUILLAGES,2025,11,16315.000000000002,10.0
HALLE BOUJDOUR,POISSON BLANC,2025,11,627533.5,25.79748478766472
HALLE LARACHE,POISSON BLANC,2025,11,62810.17,40.405876946360756
HALLE JEBHA,CEPHALOPODES,2025,11,3441.0,57.585585585585584
HALLE SIDIIFNI,POISSON PELAGIQUE,2025,11,366585.5,4.420654881330549
MG TANGER,POISSON PELAGIQUE,2025,11,1074655.0,4.146290297816509
HALLE LABOUIRDA,POISSON PELAGIQUE,2025,11,20480.0,6.8443359374999995
MG BENIMELLAL,CEPHALOPODES,2025,11,112.0,7.0
HALLE FNIDEQ,POISSON BLANC,2025,11,604.0,69.22185430463577
CAPI BOUJDOUR,POISSON PELAGIQUE,2025,11,13915640.0,4.484753583018819
MG INZEGANE,CEPHALOPODES,2025,11,2232.0,16.653225806451612
CAPI TARFAYA,POISSON PELAGIQUE,2025,11,16995.0,7.041776993233303
HALLE M'DIQ,CEPHALOPODES,2025,11,7962.0,46.857573474001505
HALLE ESSAOUIRA,CEPHALOPODES,2025,11,34521.17,82.89896924119316
HALLE NTIREFT,POISSON BLANC,2025,11,1182922.5,1.9692655266934225
HALLE MEHDIA,POISSON PELAGIQUE,2025,11,543730.0,4.393173082228311
CAPI DAKHLA,POISSON PELAGIQUE,2025,11,37529127.0,2.278882002770808
HALLE NADOR,CRUSTACES,2025,11,68211.0,51.685725176291214
CAPI ESSAOUIRA,POISSON PELAGIQUE,2025,11,912999.0,3.151515719075267
MG TAZA,POISSON BLANC,2025,11,19808.0,7.611823505654281
HALLE EL JADIDA,POISSON PELAGIQUE,2025,11,781774.0,4.820497995584401
MG OUJDA,POISSON BLANC,2025,11,42057.0,8.37714292507787
HALLE SIDIBOULFDAIL,POISSON PELAGIQUE,2025,11,301.5,6.116086235489221
CAPI SIDIIFNI,POISSON PELAGIQUE,2025,11,617418.0,4.222327499360238
HALLE SAFI,POISSON BLANC,2025,11,82386.3,52.38834794134461
MG MARRAKECH,POISSON BLANC,2025,11,276057.0,7.083859492785909
HALLE TARFAYA,CEPHALOPODES,2025,11,48218.5,60.466141211360785
MG MEKNES,CEPHALOPODES,2025,11,534.0,20.505617977528086
HALLE CHMAALA,POISSON BLANC,2025,11,1294.0,19.250386398763524
HALLE IMOUTLAN,CEPHALOPODES,2025,11,25855.5,116.9507068128638
HALLE TANGER,POISSON PELAGIQUE,2025,11,66566.0,10.92000420635159
HALLE LASSARGA,POISSON BLANC,2025,11,1213459.5,5.974833877850888
HALLE SOUIRIA KDIMA,POISSON PELAGIQUE,2025,11,1066.5,10.121697140178153
HALLE RAS KABDANA,CEPHALOPODES,2025,11,30.0,200.0
MG TETOUAN,POISSON PELAGIQUE,2025,11,771374.0,4.333726221003041
HALLE LMHIRIZ,CRUSTACES,2025,11,16190.999999999998,107.94750169847447
HALLE MY BOUSSELHAM,POISSON BLANC,2025,11,2534.0,52.68745067087609
HALLE SIDIELGHAZI,CEPHALOPODES,2025,11,5509.0,101.94309312034852
HALLE SKHIRAT,POISSON PELAGIQUE,2025,11,378.0,14.656084656084657
CAPI TANTAN,POISSON PELAGIQUE,2025,11,1348152.0,5.417297975302488
HALLE AL HOCEIMA,POISSON PELAGIQUE,2025,11,9152.0,17.590144230769234
HALLE DALIA,POISSON BLANC,2025,11,40.0,80.0
CAPI LAAYOUNE,POISSON PELAGIQUE,2025,11,6845819.0,5.371176821940515
HALLE IMESSOUANE,POISSON BLANC,2025,11,35543.0,37.80536758292772
HALLE KAA ASRAS,POISSON BLANC,2025,11,347.0,39.048991354466864
HALLE TAFEDNA,CEPHALOPODES,2025,11,507.49999999999994,86.8088669950739
HALLE ASSILAH,POISSON BLANC,2025,11,223.0,88.58295964125561
CAPI SAFI,POISSON PELAGIQUE,2025,11,4104573.9999999995,3.638003213000911
HALLE KSARSGHIR,POISSON BLANC,2025,11,334.0,121.56886227544909
HALLE AMEGRIOU,ALGUES,2025,11,62500.0,3.0
HALLE CAPSIM,POISSON PELAGIQUE,2025,11,1258.5,8.408820023837903
CAPI AGADIR,POISSON PELAGIQUE,2025,12,1211619.0,4.332948311309083
HALLE LAKRAA,POISSON PELAGIQUE,2025,12,991.0,5.070655903128153
HALLE TANTAN,POISSON PELAGIQUE,2025,12,392649.5,10.510843003747619
MG RABAT,POISSON PELAGIQUE,2025,12,31206.0,3.878343908222778
HALLE LACRAA(CAP 7),COQUILLAGES,2025,12,6307.0,7.0
MG CASABLANCA,CRUSTACES,2025,12,136721.0,10.67135407143014
HALLE CASABLANCA,POISSON PELAGIQUE,2025,12,843277.0,10.941570681994172
HALLE AGADIR,CRUSTACES,2025,12,49477.3,48.882538052804016
HALLE LAAYOUNE,POISSON PELAGIQUE,2025,12,514722.0,12.053684027494453
HALLE BOUJDOUR,POISSON BLANC,2025,12,459626.0,24.021146018719566
HALLE LARACHE,POISSON BLANC,2025,12,89339.45,31.135114330791154
HALLE JEBHA,CEPHALOPODES,2025,12,3284.0,44.356577344701584
HALLE SIDIIFNI,POISSON PELAGIQUE,2025,12,200611.0,3.6101067239583076
MG TANGER,POISSON PELAGIQUE,2025,12,766735.0,4.259619686071459
HALLE LABOUIRDA,POISSON PELAGIQUE,2025,12,3724.0,8.309076262083781
MG BENIMELLAL,CEPHALOPODES,2025,12,80.0,7.000000000000001
HALLE FNIDEQ,POISSON BLANC,2025,12,641.0,68.11232449297971
CAPI BOUJDOUR,POISSON PELAGIQUE,2025,12,5542631.0,4.99067642785529
MG INZEGANE,CEPHALOPODES,2025,12,2142.0,18.03361344537815
HALLE M'DIQ,CEPHALOPODES,2025,12,14900.0,42.59543624161074
HALLE ESSAOUIRA,CEPHALOPODES,2025,12,18729.25,34.25388256337013
HALLE NTIREFT,POISSON BLANC,2025,12,266581.5,1.8814752711647282
HALLE MEHDIA,POISSON PELAGIQUE,2025,12,186400.0,6.105257510729613
CAPI DAKHLA,POISSON PELAGIQUE,2025,12,47634699.0,2.151200827573194
HALLE NADOR,CRUSTACES,2025,12,51704.0,52.80210428593532
CAPI ESSAOUIRA,POISSON PELAGIQUE,2025,12,336243.0,3.285405495430388
MG TAZA,POISSON BLANC,2025,12,12856.0,8.202395768512757
HALLE IMIOUADDAR,POISSON PELAGIQUE,2025,12,1699.5,9.335610473668726
HALLE EL JADIDA,POISSON PELAGIQUE,2025,12,171808.0,6.944645825572732
MG OUJDA,POISSON BLANC,2025,12,45852.0,8.330825263892525
CAPI SIDIIFNI,POISSON PELAGIQUE,2025,12,30679.0,6.000000000000001
HALLE SAFI,POISSON BLANC,2025,12,83248.5,57.23601302125564
MG MARRAKECH,POISSON BLANC,2025,12,221436.0,6.749272927617912
HALLE TARFAYA,CEPHALOPODES,2025,12,50255.0,56.50111949059795
MG MEKNES,CEPHALOPODES,2025,12,219.0,19.863013698630134
HALLE CHMAALA,POISSON BLANC,2025,12,1399.0,16.168691922802
HALLE IMOUTLAN,CEPHALOPODES,2025,12,41755.0,81.69136630343671
HALLE TANGER,POISSON PELAGIQUE,2025,12,86221.0,12.126952830516926
HALLE LASSARGA,POISSON BLANC,2025,12,447785.0,4.76822805587503
HALLE SOUIRIA KDIMA,POISSON PELAGIQUE,2025,12,64.0,25.812499999999996
MG TETOUAN,POISSON PELAGIQUE,2025,12,609546.0,4.300694664553618
HALLE LMHIRIZ,CRUSTACES,2025,12,9336.0,112.83311910882605
HALLE MY BOUSSELHAM,POISSON BLANC,2025,12,818.0,50.012224938875306
HALLE SIDIELGHAZI,CEPHALOPODES,2025,12,1113.5,91.7997305792546
HALLE SKHIRAT,POISSON PELAGIQUE,2025,12,306.5,21.011419249592173
CAPI TANTAN,POISSON PELAGIQUE,2025,12,7237605.0,6.37115337186818
HALLE AL HOCEIMA,POISSON PELAGIQUE,2025,12,42577.5,68.16523985673184
HALLE DALIA,POISSON BLANC,2025,12,162.5,119.2
CAPI LAAYOUNE,POISSON PELAGIQUE,2025,12,665051.0,6.877630437364954
HALLE IMESSOUANE,POISSON BLANC,2025,12,8167.0,32.13872780702829
HALLE KAA ASRAS,POISSON BLANC,2025,12,1020.0,33.333333333333336
HALLE SIDI ABED,CEPHALOPODES,2025,12,25.0,35.0
HALLE TAFEDNA,CEPHALOPODES,2025,12,2.5,43.0
HALLE ASSILAH,POISSON BLANC,2025,12,215.0,79.18139534883721
CAPI SAFI,POISSON PELAGIQUE,2025,12,2675374.0,2.889710634849558
HALLE KSARSGHIR,POISSON BLANC,2025,12,531.0,132.62335216572504
